N,Childs,Tournament size,Crossover prob,Mutation prob,Elite size,Generations,Population size,GA CPU time,Fitness,Date
10,100,5,0.3,0.3,5,20,50,5.505346066,1179.16886423428,2024-09-17 23:53:22.901946
10,100,10,0.3,0.3,5,20,50,5.627109214,1128.87129782272,2024-09-17 23:55:26.798995
10,100,5,0.3,0.3,10,20,50,5.281427022,1086.8790729739,2024-09-18 00:04:34.295900
10,100,10,0.3,0.3,10,20,50,5.45658987,1128.87129782272,2024-09-18 00:04:34.506624
10,100,20,0.3,0.3,10,20,50,5.528946303,1096.47060808576,2024-09-18 00:04:41.366151
10,100,30,0.3,0.3,10,20,50,5.976101877,1138.92203663827,2024-09-18 00:04:42.106991
10,100,5,0.3,0.3,20,20,50,5.356841103,1086.8790729739,2024-09-18 00:04:48.255836
10,100,10,0.3,0.3,20,20,50,5.54766456,1128.87129782272,2024-09-18 00:04:49.105760
10,100,20,0.3,0.3,20,20,50,5.280306141,1090.63688972308,2024-09-18 00:04:55.351384
10,100,30,0.3,0.3,20,20,50,5.880014419,1138.92203663827,2024-09-18 00:04:56.498245
10,100,5,0.3,0.3,30,20,50,5.538651532,1128.87129782272,2024-09-18 00:05:02.752958
10,100,10,0.3,0.3,30,20,50,5.53627787,1128.87129782272,2024-09-18 00:05:03.776647
10,100,20,0.3,0.3,30,20,50,5.331661386,1283.72030772075,2024-09-18 16:22:43.102509
10,100,30,0.3,0.3,30,20,50,5.535940852,1128.87129782272,2024-09-18 16:22:43.318477
10,100,5,0.3,0.3,5,20,100,5.244804506,1128.87129782272,2024-09-18 16:22:50.244468
10,100,10,0.3,0.3,5,20,100,5.298752627,1128.87129782272,2024-09-18 16:22:50.354369
10,100,20,0.3,0.3,5,20,100,3.395353812,1318.26678217036,2024-09-18 16:22:55.160667
10,100,30,0.3,0.3,5,20,100,5.170320732,1090.63688972308,2024-09-18 16:22:57.226624
10,100,5,0.3,0.3,10,20,100,5.310382509,1098.16537512716,2024-09-18 16:23:02.245264
10,100,10,0.3,0.3,10,20,100,5.608225479,1114.27651971485,2024-09-18 16:23:04.806970
10,100,20,0.3,0.3,10,20,100,3.38208989,1318.26678217036,2024-09-18 18:17:25.189243
10,100,30,0.3,0.3,10,20,100,5.206159092,1099.4415093726,2024-09-18 16:23:12.451145
10,100,5,0.3,0.3,20,20,100,5.379909638,1121.28361463576,2024-09-18 16:23:16.191156
10,100,10,0.3,0.3,20,20,100,5.298818757,1128.87129782272,2024-09-18 16:23:20.826971
10,100,20,0.3,0.3,20,20,100,3.668036677,1318.26678217036,2024-09-18 16:23:23.173613
10,100,30,0.3,0.3,20,20,100,5.03090637,1090.63688972308,2024-09-18 16:23:29.388908
10,100,5,0.3,0.3,30,20,100,5.132488978,1128.87129782272,2024-09-18 16:23:31.797983
10,100,10,0.3,0.3,30,20,100,5.384594998,1119.07755159778,2024-09-18 16:23:37.607164
10,100,20,0.3,0.3,30,20,100,3.566158221,1343.48313653594,2024-09-18 16:23:38.339650
10,100,30,0.3,0.3,30,20,100,5.507137645,1107.46956720718,2024-09-18 16:23:46.386607
10,100,5,0.3,0.3,5,20,150,5.379252671,1090.39131676771,2024-09-18 16:23:46.598299
10,100,10,0.3,0.3,5,20,150,5.04756789,1272.85789004345,2024-09-18 16:23:54.608347
10,100,20,0.3,0.3,5,20,150,5.131654383,1272.85789004345,2024-09-18 16:23:54.807025
10,100,30,0.3,0.3,5,20,150,5.225766235,1272.85789004345,2024-09-18 16:24:02.142328
10,100,5,0.3,0.3,10,20,150,5.518349526,1090.39131676771,2024-09-18 16:24:02.489026
10,100,20,0.3,0.3,10,20,150,4.959102132,1272.85789004345,2024-09-18 16:24:09.085962
10,100,10,0.3,0.3,10,20,150,5.450638771,1090.39131676771,2024-09-18 16:24:09.370909
10,100,30,0.3,0.3,10,20,150,4.946333518,1272.85789004345,2024-09-18 16:24:15.766039
10,100,5,0.3,0.3,20,20,150,5.307206128,1086.8790729739,2024-09-18 16:24:16.388580
10,100,20,0.3,0.3,20,20,150,5.048047389,1272.85789004345,2024-09-18 16:24:23.139865
10,100,10,0.3,0.3,20,20,150,5.437303087,1090.39131676771,2024-09-18 16:24:23.320006
10,100,30,0.3,0.3,20,20,150,5.025280432,1272.85789004345,2024-09-18 16:24:29.797884
10,100,5,0.3,0.3,30,20,150,5.332375434,1090.39131676771,2024-09-18 16:24:30.436387
10,100,10,0.3,0.3,30,20,150,5.041673226,1272.85789004345,2024-09-18 16:24:36.474248
10,100,20,0.3,0.3,30,20,150,4.996438049,1272.85789004345,2024-09-18 16:24:37.038124
10,100,30,0.3,0.3,30,20,150,5.127930863,1272.85789004345,2024-09-18 16:24:42.995570
10,100,5,0.3,0.3,5,20,200,5.362511073,1074.07022956633,2024-09-18 16:24:43.766269
10,100,10,0.3,0.3,5,20,200,5.412751178,1090.39131676771,2024-09-18 16:24:50.135932
10,100,20,0.3,0.3,5,20,200,5.458667207,1090.39131676771,2024-09-18 16:24:50.882293
10,100,30,0.3,0.3,5,20,200,5.53455389,1096.47060808576,2024-09-18 16:24:57.461904
10,100,5,0.3,0.3,10,20,200,5.345736976,1090.63688972308,2024-09-18 16:24:57.761004
10,100,10,0.3,0.3,10,20,200,5.362924324,1090.39131676771,2024-09-18 16:25:04.658370
10,100,20,0.3,0.3,10,20,200,5.454374081,1090.39131676771,2024-09-18 16:25:04.677823
10,100,5,0.3,0.3,20,20,200,5.003469111,1272.85789004345,2024-09-18 16:25:10.874166
10,100,30,0.3,0.3,10,20,200,5.589506514,1128.87129782272,2024-09-18 16:25:11.476775
10,100,10,0.3,0.3,20,20,200,5.341727829,1090.39131676771,2024-09-18 16:25:17.713852
10,100,20,0.3,0.3,20,20,200,5.446867728,1090.39131676771,2024-09-18 16:25:18.343941
10,100,5,0.3,0.3,30,20,200,5.110853148,1272.85789004345,2024-09-18 16:25:24.728065
10,100,30,0.3,0.3,20,20,200,5.657073399,1096.47060808576,2024-09-18 16:25:24.753887
10,100,10,0.3,0.3,30,20,200,5.375130349,1090.39131676771,2024-09-18 16:25:31.514534
10,100,20,0.3,0.3,30,20,200,5.732728385,1132.40919078127,2024-09-18 16:25:31.778334
10,100,30,0.3,0.3,30,20,200,5.743212021,1128.87129782272,2024-09-18 16:25:38.874192
20,100,5,0.3,0.3,5,20,50,30.924611448,2501.15277334027,2024-09-18 16:33:03.364143
20,100,10,0.3,0.3,5,20,50,26.663989893,2820.70491653617,2024-09-18 16:41:21.362878
20,100,20,0.3,0.3,5,20,50,28.43888924,2760.14669178342,2024-09-18 16:49:41.202551
20,100,30,0.3,0.3,5,20,50,30.598760765,2665.24968447562,2024-09-18 16:52:25.685246
20,100,10,0.3,0.3,10,20,50,27.085881786,2762.7377404979,2024-09-18 16:55:37.748921
20,100,5,0.3,0.3,10,20,50,29.220226183,2483.23104753504,2024-09-18 16:55:39.923082
20,100,20,0.3,0.3,10,20,50,28.011647041,2666.93989279125,2024-09-18 16:56:06.913817
20,100,30,0.3,0.3,10,20,50,26.444202717,2785.62791803845,2024-09-18 16:56:07.408761
20,100,10,0.3,0.3,20,20,50,26.844567461,2774.2368033458,2024-09-18 16:56:34.623100
20,100,5,0.3,0.3,20,20,50,27.427531375,2757.76277908346,2024-09-18 16:56:35.032294
20,100,20,0.3,0.3,20,20,50,27.778840299,2733.97562041491,2024-09-18 16:57:03.071305
20,100,30,0.3,0.3,20,20,50,27.478635706,2817.90552789726,2024-09-18 16:57:03.225176
20,100,10,0.3,0.3,30,20,50,27.429426849,2761.87377664799,2024-09-18 16:57:30.846584
20,100,5,0.3,0.3,30,20,50,29.370559068,2498.13815514845,2024-09-18 16:57:32.627361
20,100,20,0.3,0.3,30,20,50,28.138064619,2733.97562041491,2024-09-18 16:57:59.532043
20,100,30,0.3,0.3,30,20,50,27.453400321,2826.24567319811,2024-09-18 16:58:00.652869
20,100,5,0.3,0.3,5,20,100,30.374830182,2539.49479064544,2024-09-18 16:58:30.336262
20,100,10,0.3,0.3,5,20,100,29.894552043,2540.60141578114,2024-09-18 16:58:30.720311
20,100,20,0.3,0.3,5,20,100,28.354316749,2790.21502584691,2024-09-18 16:58:59.114646
20,100,30,0.3,0.3,5,20,100,32.790922824,2772.59142796231,2024-09-18 16:59:03.533385
20,100,5,0.3,0.3,10,20,100,29.146026032,2817.90552789726,2024-09-18 16:59:28.882083
20,100,10,0.3,0.3,10,20,100,29.484348822,2816.51316566554,2024-09-18 16:59:33.763622
20,100,20,0.3,0.3,10,20,100,24.18978383,2831.12661186204,2024-09-18 18:18:48.151427
20,100,30,0.3,0.3,10,20,100,29.351204678,2637.72006094725,2024-09-18 17:00:03.764326
20,100,5,0.3,0.3,20,20,100,28.186882275,2817.90552789726,2024-09-18 17:00:26.123160
20,100,10,0.3,0.3,20,20,100,30.040427626,2470.19481538469,2024-09-18 17:00:34.035627
20,100,20,0.3,0.3,20,20,100,28.308197685,2796.14095177283,2024-09-18 17:00:55.111396
20,100,30,0.3,0.3,20,20,100,29.458215096,2605.44685296313,2024-09-18 17:01:03.950103
20,100,5,0.3,0.3,30,20,100,31.053134377,2695.79289685791,2024-09-18 17:01:26.678276
20,100,10,0.3,0.3,30,20,100,29.874252921,2635.67479558497,2024-09-18 17:01:34.295627
20,100,20,0.3,0.3,30,20,100,31.537001474,2065.40179697939,2024-09-18 17:01:58.586685
20,100,30,0.3,0.3,30,20,100,28.036630662,2717.14054804913,2024-09-18 17:02:02.876978
20,100,5,0.3,0.3,5,20,150,28.094739729,2626.21567307877,2024-09-18 17:02:27.287337
20,100,10,0.3,0.3,5,20,150,28.386351862,2432.45152516466,2024-09-18 17:02:31.823493
20,100,20,0.3,0.3,5,20,150,29.801573894,2803.20725314561,2024-09-18 17:02:57.592310
20,100,30,0.3,0.3,5,20,150,29.978887448,2817.90552789726,2024-09-18 17:03:02.230301
20,100,5,0.3,0.3,10,20,150,30.362449425,2643.87577693772,2024-09-18 17:03:28.297731
20,100,10,0.3,0.3,10,20,150,27.991480989,2415.37235282652,2024-09-18 17:03:30.765815
20,100,20,0.3,0.3,10,20,150,28.332729934,2798.76977859653,2024-09-18 17:03:57.421142
20,100,30,0.3,0.3,10,20,150,28.74588926,2757.76277908346,2024-09-18 17:03:59.994984
20,100,10,0.3,0.3,20,20,150,29.739042489,2578.03694824914,2024-09-18 17:04:29.886380
20,100,5,0.3,0.3,20,20,150,32.517769445,2553.57975300968,2024-09-18 17:04:30.313379
20,100,20,0.3,0.3,20,20,150,25.179876668,2706.1416490453,2024-09-18 17:04:58.169932
20,100,30,0.3,0.3,20,20,150,24.983436689,2817.90552789726,2024-09-18 17:04:58.581367
20,100,10,0.3,0.3,30,20,150,23.91105277,2817.90552789726,2024-09-18 17:05:26.990575
20,100,5,0.3,0.3,30,20,150,25.789211653,2483.63275306324,2024-09-18 17:05:28.503874
20,100,20,0.3,0.3,30,20,150,24.968539969,2812.16093880585,2024-09-18 17:05:56.370766
20,100,30,0.3,0.3,30,20,150,27.415899655,2512.83092070385,2024-09-18 17:05:59.769588
20,100,5,0.3,0.3,5,20,200,31.059313885,2505.97738160881,2024-09-18 17:06:28.917870
20,100,10,0.3,0.3,5,20,200,30.896080807,2889.59623108268,2024-09-18 17:06:32.095218
20,100,20,0.3,0.3,5,20,200,27.671578836,2612.43347326789,2024-09-18 17:06:59.563481
20,100,30,0.3,0.3,5,20,200,27.050150277,2640.72580756543,2024-09-18 17:07:03.519309
20,100,5,0.3,0.3,10,20,200,32.02012917,2682.54391193289,2024-09-18 17:07:35.488471
20,100,10,0.3,0.3,10,20,200,29.437307046,2513.55803111433,2024-09-18 17:07:36.386346
20,100,20,0.3,0.3,10,20,200,31.469155605,2732.18993675708,2024-09-18 17:08:08.257904
20,100,30,0.3,0.3,10,20,200,34.096737523,2623.26641077999,2024-09-18 17:08:11.748308
20,100,5,0.3,0.3,20,20,200,31.360289555,2719.87175836173,2024-09-18 17:08:40.935300
20,100,10,0.3,0.3,20,20,200,28.881904325,2529.48680331919,2024-09-18 17:08:41.848186
20,100,30,0.3,0.3,20,20,200,23.048848353,2562.26745469723,2024-09-18 17:09:11.898357
20,100,20,0.3,0.3,20,20,200,26.396762885,2659.32848024313,2024-09-18 17:09:15.206214
20,100,5,0.3,0.3,30,20,200,30.477754859,2713.30453111178,2024-09-18 17:09:50.728462
20,100,10,0.3,0.3,30,20,200,30.649963604,2535.79695346504,2024-09-18 17:09:53.148209
20,100,20,0.3,0.3,30,20,200,23.839660696,2936.26875319347,2024-09-18 17:10:24.041760
20,100,30,0.3,0.3,30,20,200,23.717141313,2817.90552789726,2024-09-18 17:10:25.677350
30,100,5,0.3,0.3,5,20,50,74.724960541,4024.3924507629,2024-09-18 17:28:40.752260
30,100,10,0.3,0.3,5,20,50,79.70154273,4260.49703580895,2024-09-18 17:48:50.375148
30,100,20,0.3,0.3,5,20,50,78.786272434,4073.11481194491,2024-09-18 18:09:14.131725
30,100,30,0.3,0.3,5,20,50,80.850016538,3912.72485433574,2024-09-18 18:12:23.843690
15,100,20,0.3,0.3,10,20,100,13.343123236,2129.84563887785,2024-09-18 18:17:52.844171
25,100,20,0.3,0.3,10,20,100,36.419337238,2909.38166968267,2024-09-18 18:21:48.609959
30,100,20,0.3,0.3,10,20,100,66.654405728,4068.38001136054,2024-09-18 18:24:24.894197
35,100,20,0.3,0.3,10,20,100,88.304342324,4847.2044757142,2024-09-18 18:28:47.161315
40,100,20,0.3,0.3,10,20,100,118.174129917,3932.48615602449,2024-09-18 18:32:26.738082
80,100,20,0.3,0.3,10,20,100,661.222641827,7672.15286261227,2024-09-18 18:32:37.408641
45,100,20,0.3,0.3,10,20,100,157.858729573,5750.72724017555,2024-09-18 18:37:02.275085
60,100,20,0.3,0.3,10,20,100,309.039966897,5596.22481564417,2024-09-18 18:44:52.422171
50,100,20,0.3,0.3,10,20,100,199.199389927,5697.78678443589,2024-09-18 18:59:07.091581
55,100,20,0.3,0.3,10,20,100,285.415579201,6144.1361093129,2024-09-18 19:01:19.625707
65,100,20,0.3,0.3,10,20,100,404.269845022,7212.44729220987,2024-09-18 19:14:44.448376
70,100,20,0.3,0.3,10,20,100,471.718341569,6331.4317954188,2024-09-18 19:15:11.429206
30,100,10,0.3,0.3,10,20,50,70.92155944999999,3896.038091468845,2024-09-19 10:11:04.796870
30,100,5,0.3,0.3,10,20,50,73.940153339,4087.922940160306,2024-09-19 10:11:07.714946
30,100,20,0.3,0.3,10,20,50,74.39083704,4042.0155496921093,2024-09-19 10:12:18.687437
30,100,30,0.3,0.3,10,20,50,75.202959761,4163.951988161453,2024-09-19 10:12:22.620208
30,100,5,0.3,0.3,20,20,50,68.688558814,4128.067647428142,2024-09-19 10:13:26.696901
30,100,10,0.3,0.3,20,20,50,75.619191527,4094.0262250545657,2024-09-19 10:13:37.283030
30,100,20,0.3,0.3,20,20,50,73.889465887,3808.5039768954857,2024-09-19 10:14:39.711084
30,100,30,0.3,0.3,20,20,50,67.955877009,4039.9718497719623,2024-09-19 10:14:43.921132
30,100,10,0.3,0.3,30,20,50,70.755565344,4226.330864685202,2024-09-19 10:15:53.210941
30,100,5,0.3,0.3,30,20,50,74.452292977,4142.990337102539,2024-09-19 10:15:53.333408
30,100,30,0.3,0.3,30,20,50,73.463193224,3890.137301237948,2024-09-19 10:17:05.697660
30,100,20,0.3,0.3,30,20,50,73.842167227,4092.630713173964,2024-09-19 10:17:05.845311
30,100,5,0.3,0.3,5,20,100,77.99431531799999,4042.029396013496,2024-09-19 10:18:22.440965
30,100,10,0.3,0.3,5,20,100,80.78725647,3999.101111744646,2024-09-19 10:18:25.282832
30,100,20,0.3,0.3,5,20,100,75.32117034000001,3859.110474565377,2024-09-19 10:19:36.721963
30,100,30,0.3,0.3,5,20,100,79.148928265,4072.6867516740567,2024-09-19 10:19:42.718771
30,100,5,0.3,0.3,10,20,100,76.37210827099999,4015.498103741538,2024-09-19 10:20:52.079449
30,100,10,0.3,0.3,10,20,100,79.097353191,4044.904687921166,2024-09-19 10:21:00.379553
30,100,30,0.3,0.3,10,20,100,75.780580597,4115.256634105608,2024-09-19 10:22:06.774423
30,100,5,0.3,0.3,20,20,100,78.200449582,4015.4107699931938,2024-09-19 10:22:17.037661
30,100,10,0.3,0.3,20,20,100,74.093248013,4100.091815808901,2024-09-19 10:23:19.906030
30,100,20,0.3,0.3,20,20,100,74.71259737,4106.279952579737,2024-09-19 10:23:30.544007
30,100,30,0.3,0.3,20,20,100,77.130335979,4375.525339562878,2024-09-19 10:24:35.885707
30,100,5,0.3,0.3,30,20,100,74.92470811300001,4133.208790918674,2024-09-19 10:24:44.410531
30,100,10,0.3,0.3,30,20,100,74.629948441,4082.4009620285046,2024-09-19 10:25:49.495781
30,100,20,0.3,0.3,30,20,100,76.697420867,4181.949816681075,2024-09-19 10:25:59.952029
30,100,30,0.3,0.3,30,20,100,77.360720997,4155.00489853284,2024-09-19 10:27:05.746012
30,100,5,0.3,0.3,5,20,150,78.95949626199999,4051.5580153803967,2024-09-19 10:27:17.393058
30,100,10,0.3,0.3,5,20,150,77.266064796,4186.278162986251,2024-09-19 10:28:21.925376
30,100,20,0.3,0.3,5,20,150,80.858751743,4450.506904002785,2024-09-19 10:28:37.407652
30,100,30,0.3,0.3,5,20,150,80.789337337,3989.332527388523,2024-09-19 10:29:41.838672
30,100,5,0.3,0.3,10,20,150,78.69625495000001,4160.86546718599,2024-09-19 10:29:54.820446
30,100,10,0.3,0.3,10,20,150,82.659830411,4015.4107699931938,2024-09-19 10:31:03.463617
30,100,20,0.3,0.3,10,20,150,76.71980081,4107.488164970977,2024-09-19 10:31:10.863539
30,100,30,0.3,0.3,10,20,150,78.415671535,4121.42285225362,2024-09-19 10:32:20.835851
30,100,5,0.3,0.3,20,20,150,78.64097391,4156.612098683223,2024-09-19 10:32:27.963989
30,100,10,0.3,0.3,20,20,150,82.655096953,4094.1392858201716,2024-09-19 10:33:42.233149
30,100,20,0.3,0.3,20,20,150,76.38255129599999,4167.443671953591,2024-09-19 10:33:43.182585
30,100,30,0.3,0.3,20,20,150,67.420898238,4060.558244973472,2024-09-19 10:34:53.512067
30,100,5,0.3,0.3,30,20,150,66.93709849,3894.5857214761745,2024-09-19 10:34:53.589249
30,100,10,0.3,0.3,30,20,150,80.134750204,4008.8473766215384,2024-09-19 10:36:12.167385
30,100,20,0.3,0.3,30,20,150,80.279344687,4446.873363641117,2024-09-19 10:36:12.738100
30,100,5,0.3,0.3,5,20,200,73.767851157,4189.299712594588,2024-09-19 10:37:25.320315
30,100,30,0.3,0.3,30,20,150,81.608335402,4370.707600458527,2024-09-19 10:37:32.191884
30,100,10,0.3,0.3,5,20,200,75.80363122,3885.37993227213,2024-09-19 10:38:40.273589
30,100,20,0.3,0.3,5,20,200,76.921509806,3962.3226915856285,2024-09-19 10:38:48.247965
30,100,30,0.3,0.3,5,20,200,68.44751221300001,4171.146155249273,2024-09-19 10:39:47.730047
30,100,5,0.3,0.3,10,20,200,72.924542823,4267.882413315144,2024-09-19 10:40:00.101025
30,100,10,0.3,0.3,10,20,200,79.610051504,4008.8473766215384,2024-09-19 10:41:06.264969
30,100,20,0.3,0.3,10,20,200,71.756914562,4258.070047636388,2024-09-19 10:41:10.904566
30,100,30,0.3,0.3,10,20,200,70.489904015,4289.359832374656,2024-09-19 10:42:15.690544
30,100,5,0.3,0.3,20,20,200,78.190565659,4192.989866034951,2024-09-19 10:42:27.894407
30,100,10,0.3,0.3,20,20,200,75.78655167999999,3944.4179869857435,2024-09-19 10:43:30.484115
30,100,20,0.3,0.3,20,20,200,78.373133134,3979.08222241133,2024-09-19 10:43:45.581151
30,100,30,0.3,0.3,20,20,200,80.89161516,4336.303984905363,2024-09-19 10:44:50.210861
30,100,5,0.3,0.3,30,20,200,67.92643084000001,3954.538886877579,2024-09-19 10:44:52.697075
30,100,20,0.3,0.3,30,20,200,66.955529695,4048.9302086432303,2024-09-19 10:45:58.387772
30,100,10,0.3,0.3,30,20,200,73.217455274,4108.442361837776,2024-09-19 10:46:02.396227
30,100,30,0.3,0.3,30,20,200,55.912659006999995,3938.9194848349634,2024-09-19 10:46:53.289714
10,100,20,0.3,0.3,5,20,50,5.192926778,1099.4415093726006,2024-09-19 10:52:29.327173
10,100,30,0.3,0.3,5,20,50,5.848060154000001,1218.5703112922492,2024-09-19 10:52:30.100553
40,100,5,0.3,0.3,5,20,50,135.36924124200002,4218.772837605249,2024-09-19 10:54:45.152151
40,100,10,0.3,0.3,5,20,50,140.106206506,4226.946103523751,2024-09-19 10:54:50.780416
40,100,20,0.3,0.3,5,20,50,140.836622197,4185.186280336697,2024-09-19 10:57:04.923046
40,100,30,0.3,0.3,5,20,50,140.11511947699998,4226.946103523751,2024-09-19 10:57:10.150688
40,100,5,0.3,0.3,10,20,50,139.926419223,4244.025044275306,2024-09-19 10:59:24.234150
40,100,10,0.3,0.3,10,20,50,138.786904784,4167.920149369636,2024-09-19 10:59:27.977923
40,100,20,0.3,0.3,10,20,50,142.83875939499998,4179.914805677574,2024-09-19 11:01:47.733632
40,100,30,0.3,0.3,10,20,50,143.306740115,4143.226028625766,2024-09-19 11:01:51.418065
10,10,5,0.3,0.3,5,20,50,0.6185685810000001,1352.6131343819707,2024-09-19 12:44:14.104478
10,30,5,0.3,0.3,5,20,50,1.7054671160000003,1188.2713676154112,2024-09-19 12:44:18.297825
10,10,10,0.3,0.3,5,20,50,0.6350588560000001,1248.4800000638195,2024-09-19 12:44:20.823859
10,5,10,0.3,0.3,5,20,50,0.4134077890000003,1311.4421938001083,2024-09-19 12:44:17.578095
10,30,10,0.3,0.3,5,20,50,1.6565513389999997,1128.8712978227195,2024-09-19 12:44:24.845542
10,5,20,0.3,0.3,5,20,50,0.3733346850000001,1317.8852480494274,2024-09-19 12:44:24.069390
10,10,20,0.3,0.3,5,20,50,0.6240899379999996,1204.9549978254613,2024-09-19 12:44:27.085560
10,30,20,0.3,0.3,5,20,50,1.7380348869999998,1161.4200031836567,2024-09-19 12:44:31.223688
10,5,30,0.3,0.3,5,20,50,0.4197461370000002,1249.4215285415735,2024-09-19 12:44:30.824602
10,10,30,0.3,0.3,5,20,50,0.583069455,1264.9307874546016,2024-09-19 12:44:34.376481
10,30,30,0.3,0.3,5,20,50,1.671763539,1223.946318973131,2024-09-19 12:44:38.767454
10,5,5,0.3,0.3,10,20,50,0.37300889000000037,1389.5471048085078,2024-09-19 12:44:38.002265
10,10,5,0.3,0.3,10,20,50,0.6105984080000002,1379.869612400597,2024-09-19 12:44:40.761468
10,30,5,0.3,0.3,10,20,50,1.617525627,1099.4415093726006,2024-09-19 12:44:44.710694
10,5,10,0.3,0.3,10,20,50,0.39377610200000035,1311.4421938001083,2024-09-19 12:44:44.601260
10,10,10,0.3,0.3,10,20,50,0.5999800570000002,1272.0591043957552,2024-09-19 12:44:47.538360
10,30,10,0.3,0.3,10,20,50,1.6580319699999997,1121.7367097555884,2024-09-19 12:44:51.636891
10,5,20,0.3,0.3,10,20,50,0.3857146109999998,1237.034447488709,2024-09-19 12:44:50.600862
10,10,20,0.3,0.3,10,20,50,0.64575161,1168.0758239427266,2024-09-19 12:44:53.479622
10,30,20,0.3,0.3,10,20,50,1.5354531409999999,1233.0818241385086,2024-09-19 12:44:58.479897
10,5,30,0.3,0.3,10,20,50,0.3536126230000003,1372.2053635041725,2024-09-19 12:44:57.158740
10,10,30,0.3,0.3,10,20,50,0.597714807,1265.3221053269774,2024-09-19 12:45:00.007490
10,30,30,0.3,0.3,10,20,50,1.7117751339999998,1249.8703599791793,2024-09-19 12:45:03.918626
10,5,5,0.3,0.3,20,20,50,0.3286229559999998,1315.5721065901325,2024-09-19 12:45:04.780137
10,10,5,0.3,0.3,20,20,50,0.656275342,1173.8694050593253,2024-09-19 12:45:06.653251
10,30,5,0.3,0.3,20,20,50,1.7032328160000003,1128.8712978227195,2024-09-19 12:45:10.813974
10,5,10,0.3,0.3,20,20,50,0.32914734700000015,1394.7207403321042,2024-09-19 12:45:11.318711
10,10,10,0.3,0.3,20,20,50,0.6013657810000002,1168.0758239427266,2024-09-19 12:45:13.583851
10,30,10,0.3,0.3,20,20,50,1.640221321,1128.8712978227195,2024-09-19 12:45:17.704882
10,5,20,0.3,0.3,20,20,50,0.366348887,1283.3793905500697,2024-09-19 12:45:16.947503
10,10,20,0.3,0.3,20,20,50,0.7145954029999997,1294.6931105347815,2024-09-19 12:45:20.257208
10,30,20,0.3,0.3,20,20,50,1.751464468,1117.5174636694846,2024-09-19 12:45:24.871416
10,5,30,0.3,0.3,20,20,50,0.388797598,1374.8102627032445,2024-09-19 12:45:24.214225
10,10,30,0.3,0.3,20,20,50,0.6982232869999998,1124.0344219241297,2024-09-19 12:45:27.624671
10,30,30,0.3,0.3,20,20,50,1.7318936180000004,1249.8703599791793,2024-09-19 12:45:33.303404
10,5,5,0.3,0.3,30,20,50,0.3893165220000001,1369.990511207322,2024-09-19 12:45:31.795175
10,10,5,0.3,0.3,30,20,50,0.6027205360000001,1379.869612400597,2024-09-19 12:45:35.056021
10,30,5,0.3,0.3,30,20,50,1.73694418,1099.4415093726006,2024-09-19 12:45:39.484977
10,5,10,0.3,0.3,30,20,50,0.3550615709999998,1315.5721065901325,2024-09-19 12:45:40.365042
10,10,10,0.3,0.3,30,20,50,0.6918321819999997,1168.0758239427266,2024-09-19 12:45:43.082206
10,30,10,0.3,0.3,30,20,50,1.669240561,1133.5221987861285,2024-09-19 12:45:47.696591
10,5,20,0.3,0.3,30,20,50,0.37823695199999996,1245.3280798971145,2024-09-19 12:45:47.824949
10,10,20,0.3,0.3,30,20,50,0.6289008489999999,1293.5582001095918,2024-09-19 12:45:50.856863
10,30,20,0.3,0.3,30,20,50,1.713799007,1096.4706080857643,2024-09-19 12:45:55.369627
10,5,30,0.3,0.3,30,20,50,0.38685023099999993,1238.198430698159,2024-09-19 12:45:54.070153
10,10,30,0.3,0.3,30,20,50,0.6694043770000002,1168.0758239427266,2024-09-19 12:45:57.349103
10,30,30,0.3,0.3,30,20,50,1.7440985299999996,1249.8703599791793,2024-09-19 12:46:01.643666
10,5,5,0.3,0.3,5,20,100,0.360442409,1344.3194137493026,2024-09-19 12:46:01.980995
10,10,5,0.3,0.3,5,20,100,0.5203161230000002,1344.3194137493026,2024-09-19 12:46:04.505411
10,30,5,0.3,0.3,5,20,100,1.6619245360000001,1108.9798536197657,2024-09-19 12:46:08.901996
10,5,10,0.3,0.3,5,20,100,0.357534123,1344.3194137493026,2024-09-19 12:46:07.873281
10,10,10,0.3,0.3,5,20,100,0.51414933,1343.4831365359394,2024-09-19 12:46:10.691822
10,30,10,0.3,0.3,5,20,100,1.1848443250000003,1318.2667821703553,2024-09-19 12:46:14.242736
10,5,20,0.3,0.3,5,20,100,0.3568680099999999,1344.3194137493026,2024-09-19 12:46:14.458760
10,10,20,0.3,0.3,5,20,100,0.5161401219999999,1343.4831365359394,2024-09-19 12:46:17.303028
10,30,20,0.3,0.3,5,20,100,1.3393862200000002,1318.2667821703553,2024-09-19 12:46:21.372219
10,5,30,0.3,0.3,5,20,100,0.3780880620000002,1344.3194137493026,2024-09-19 12:46:20.901242
10,10,30,0.3,0.3,5,20,100,0.7900467460000002,1189.323418878093,2024-09-19 12:46:24.697041
10,30,30,0.3,0.3,5,20,100,1.80133373,1153.1162326553326,2024-09-19 12:46:29.617393
10,5,5,0.3,0.3,10,20,100,0.34230326499999997,1344.3194137493026,2024-09-19 12:46:28.004994
10,10,5,0.3,0.3,10,20,100,0.5945914179999998,1344.3194137493026,2024-09-19 12:46:31.936614
10,30,5,0.3,0.3,10,20,100,1.716368315,1294.3856901852682,2024-09-19 12:15:17.280905
10,5,10,0.3,0.3,10,20,100,0.3710326939999997,1344.3194137493026,2024-09-19 12:15:17.996758
10,10,10,0.3,0.3,10,20,100,0.49857824699999975,1343.4831365359394,2024-09-19 12:15:20.036373
10,30,10,0.3,0.3,10,20,100,1.1680962350000001,1318.2667821703553,2024-09-19 12:15:21.268115
10,5,20,0.3,0.3,10,20,100,0.33406199300000017,1344.3194137493026,2024-09-19 12:15:22.693318
10,10,20,0.3,0.3,10,20,100,0.5029601450000001,1343.4831365359394,2024-09-19 12:15:23.839592
10,30,20,0.3,0.3,10,20,100,1.1548544710000002,1343.4831365359394,2024-09-19 12:15:26.262675
10,5,30,0.3,0.3,10,20,100,0.39683117599999984,1344.3194137493026,2024-09-19 12:15:26.291523
10,10,30,0.3,0.3,10,20,100,0.692156529,1141.5691781501848,2024-09-19 12:15:28.999613
10,30,30,0.3,0.3,10,20,100,1.7752880030000002,1153.1162326553326,2024-09-19 12:15:30.161622
10,5,5,0.3,0.3,20,20,100,0.32473834299999993,1344.3194137493026,2024-09-19 12:15:31.664841
10,10,5,0.3,0.3,20,20,100,0.488035577,1344.3194137493026,2024-09-19 12:15:32.700131
10,5,10,0.3,0.3,20,20,100,0.37226679500000026,1344.3194137493026,2024-09-19 12:15:35.105135
10,30,5,0.3,0.3,20,20,100,1.6782309670000002,1090.6368897230786,2024-09-19 12:15:35.609494
10,10,10,0.3,0.3,20,20,100,0.5098889900000003,1343.4831365359394,2024-09-19 12:15:38.078660
10,30,10,0.3,0.3,20,20,100,1.160364789,1291.3015011254852,2024-09-19 12:15:38.920307
10,5,20,0.3,0.3,20,20,100,0.36891906699999977,1344.3194137493026,2024-09-19 12:15:40.670175
10,10,20,0.3,0.3,20,20,100,0.5215733819999999,1344.3194137493026,2024-09-19 12:15:41.473190
10,5,30,0.3,0.3,20,20,100,0.3864369350000003,1344.3194137493026,2024-09-19 12:15:43.863970
10,30,20,0.3,0.3,20,20,100,1.1862198990000001,1343.4831365359394,2024-09-19 12:15:44.089250
10,10,30,0.3,0.3,20,20,100,0.7148031369999996,1171.7008446739003,2024-09-19 12:15:46.699873
10,30,30,0.3,0.3,20,20,100,1.724646676,1153.1162326553326,2024-09-19 12:15:47.925862
10,5,5,0.3,0.3,30,20,100,0.31260991700000007,1344.3194137493026,2024-09-19 12:15:49.474682
10,10,5,0.3,0.3,30,20,100,0.5385231460000002,1344.3194137493026,2024-09-19 12:15:50.589593
10,5,10,0.3,0.3,30,20,100,0.3902310390000001,1344.3194137493026,2024-09-19 12:15:53.026196
10,30,5,0.3,0.3,30,20,100,1.7347868859999998,1128.8712978227195,2024-09-19 12:15:53.461743
10,10,10,0.3,0.3,30,20,100,0.47578329600000036,1343.4831365359394,2024-09-19 12:15:55.596820
10,30,10,0.3,0.3,30,20,100,1.1835767039999998,1291.3015011254852,2024-09-19 12:15:56.718973
10,5,20,0.3,0.3,30,20,100,0.33785942999999996,1344.3194137493026,2024-09-19 12:15:58.383788
10,10,20,0.3,0.3,30,20,100,0.5329800259999997,1343.4831365359394,2024-09-19 12:15:59.389200
10,5,30,0.3,0.3,30,20,100,0.39291320400000007,1344.3194137493026,2024-09-19 12:16:01.828465
10,30,20,0.3,0.3,30,20,100,1.2394594299999997,1343.4831365359394,2024-09-19 12:16:01.984430
10,10,30,0.3,0.3,30,20,100,0.6881577309999998,1189.323418878093,2024-09-19 12:16:04.655481
10,30,30,0.3,0.3,30,20,100,1.802192387,1179.16886423428,2024-09-19 12:16:05.832816
10,5,5,0.3,0.3,5,20,150,0.4769397569999998,1272.8578900434472,2024-09-19 12:16:07.435164
10,10,5,0.3,0.3,5,20,150,0.7957278350000001,1090.6368897230786,2024-09-19 12:16:08.574272
10,5,10,0.3,0.3,5,20,150,0.5405805510000001,1290.3413386626821,2024-09-19 12:16:11.320551
10,30,5,0.3,0.3,5,20,150,1.7107791100000003,1274.278942675026,2024-09-19 12:16:11.589174
10,10,10,0.3,0.3,5,20,150,0.7624379299999999,1274.278942675026,2024-09-19 12:16:14.314919
10,30,10,0.3,0.3,5,20,150,1.823224233,1139.7741988469718,2024-09-19 12:16:15.668940
10,5,20,0.3,0.3,5,20,150,0.488460785,1272.8578900434472,2024-09-19 12:16:17.523750
10,10,20,0.3,0.3,5,20,150,0.7560212940000002,1272.8578900434472,2024-09-19 12:16:18.423145
10,5,30,0.3,0.3,5,20,150,0.550961969,1274.278942675026,2024-09-19 12:16:21.031768
10,30,20,0.3,0.3,5,20,150,1.639559996,1272.8578900434472,2024-09-19 12:16:21.382383
10,10,30,0.3,0.3,5,20,150,0.7345319300000002,1294.7623912942613,2024-09-19 12:16:24.060340
10,30,30,0.3,0.3,5,20,150,1.6968281149999997,1272.8578900434472,2024-09-19 12:16:25.167909
10,5,5,0.3,0.3,10,20,150,0.47277829700000007,1290.3413386626821,2024-09-19 12:16:26.961397
10,10,5,0.3,0.3,10,20,150,0.7420778480000001,1090.6368897230786,2024-09-19 12:16:27.968568
10,5,10,0.3,0.3,10,20,150,0.540852036,1294.7623912942613,2024-09-19 12:16:30.459763
10,30,5,0.3,0.3,10,20,150,1.710798648,1144.5062390317405,2024-09-19 12:16:31.137129
10,10,10,0.3,0.3,10,20,150,0.7409843420000004,1274.278942675026,2024-09-19 12:16:33.364120
10,30,10,0.3,0.3,10,20,150,1.6264424380000002,1274.278942675026,2024-09-19 12:16:35.043343
10,5,20,0.3,0.3,10,20,150,0.46612896300000006,1272.8578900434472,2024-09-19 12:16:36.257332
10,10,20,0.3,0.3,10,20,150,0.7257252150000002,1290.3413386626821,2024-09-19 12:16:37.820191
10,30,20,0.3,0.3,10,20,150,1.6328356149999999,1274.278942675026,2024-09-19 12:16:40.213359
10,5,30,0.3,0.3,10,20,150,0.48728381799999987,1272.8578900434472,2024-09-19 12:16:40.675632
10,10,30,0.3,0.3,10,20,150,0.682183384,1274.278942675026,2024-09-19 12:16:43.033675
10,30,30,0.3,0.3,10,20,150,1.6835641529999998,1272.8578900434472,2024-09-19 12:16:44.452377
10,5,5,0.3,0.3,20,20,150,0.4587625209999997,1272.8578900434472,2024-09-19 12:16:45.845482
10,10,5,0.3,0.3,20,20,150,0.8148801319999999,1090.3913167677074,2024-09-19 12:16:47.594995
10,30,5,0.3,0.3,20,20,150,1.6666090249999996,1274.278942675026,2024-09-19 12:16:50.157023
10,5,10,0.3,0.3,20,20,150,0.47570934200000004,1274.278942675026,2024-09-19 12:16:50.260162
10,10,10,0.3,0.3,20,20,150,0.7014538889999997,1274.278942675026,2024-09-19 12:16:53.121510
10,30,10,0.3,0.3,20,20,150,1.598437078,1274.278942675026,2024-09-19 12:16:54.185443
10,5,20,0.3,0.3,20,20,150,0.4464837159999999,1274.278942675026,2024-09-19 12:16:55.913390
10,10,20,0.3,0.3,20,20,150,0.7850522419999999,1274.278942675026,2024-09-19 12:16:57.071469
10,5,30,0.3,0.3,20,20,150,0.5689924320000004,1274.278942675026,2024-09-19 12:16:59.882446
10,30,20,0.3,0.3,20,20,150,1.6821391,1274.278942675026,2024-09-19 12:16:59.955153
10,10,30,0.3,0.3,20,20,150,0.671280127,1274.278942675026,2024-09-19 12:17:02.526787
10,30,30,0.3,0.3,20,20,150,1.563292354,1272.8578900434472,2024-09-19 12:17:03.504769
10,5,5,0.3,0.3,30,20,150,0.5019940809999999,1272.8578900434472,2024-09-19 12:17:05.376016
10,10,5,0.3,0.3,30,20,150,0.8102508109999997,1090.3913167677074,2024-09-19 12:17:06.421451
10,5,10,0.3,0.3,30,20,150,0.5489175659999999,1294.7623912942613,2024-09-19 12:17:09.067779
10,30,5,0.3,0.3,30,20,150,1.6448432519999998,1274.278942675026,2024-09-19 12:17:09.333556
10,10,10,0.3,0.3,30,20,150,0.6984491430000004,1274.278942675026,2024-09-19 12:17:11.980137
10,30,10,0.3,0.3,30,20,150,1.671734599,1274.278942675026,2024-09-19 12:17:13.099943
10,5,20,0.3,0.3,30,20,150,0.5319188069999998,1272.8578900434472,2024-09-19 12:17:14.994767
10,10,20,0.3,0.3,30,20,150,0.7399445,1290.3413386626821,2024-09-19 12:17:16.116208
10,5,30,0.3,0.3,30,20,150,0.542874799,1272.8578900434472,2024-09-19 12:17:18.659043
10,30,20,0.3,0.3,30,20,150,1.6585529830000003,1274.278942675026,2024-09-19 12:17:19.061953
10,10,30,0.3,0.3,30,20,150,0.7281459000000001,1274.278942675026,2024-09-19 12:17:21.701110
10,30,30,0.3,0.3,30,20,150,1.73095786,1272.8578900434472,2024-09-19 12:17:22.832929
10,5,5,0.3,0.3,5,20,200,0.5805718610000001,1274.278942675026,2024-09-19 12:17:24.579137
10,10,5,0.3,0.3,5,20,200,0.773419409,1294.7623912942613,2024-09-19 12:17:25.691691
10,5,10,0.3,0.3,5,20,200,0.6523933660000001,1272.8578900434472,2024-09-19 12:17:28.399778
10,30,5,0.3,0.3,5,20,200,1.732342976,1274.278942675026,2024-09-19 12:17:28.803575
10,10,10,0.3,0.3,5,20,200,0.7639767550000003,1274.278942675026,2024-09-19 12:17:31.377355
10,30,10,0.3,0.3,5,20,200,1.934059043,1086.8790729739017,2024-09-19 12:17:32.839913
10,5,20,0.3,0.3,5,20,200,0.598254061,1274.278942675026,2024-09-19 12:17:34.554467
10,10,20,0.3,0.3,5,20,200,0.7725083319999999,1274.278942675026,2024-09-19 12:17:35.595968
10,5,30,0.3,0.3,5,20,200,0.6111609680000001,1272.8578900434472,2024-09-19 12:17:38.336628
10,30,20,0.3,0.3,5,20,200,1.6993370860000003,1274.278942675026,2024-09-19 12:17:38.851268
10,10,30,0.3,0.3,5,20,200,0.7826318839999997,1274.278942675026,2024-09-19 12:17:41.376949
10,30,30,0.3,0.3,5,20,200,2.04600298,1090.3913167677074,2024-09-19 12:17:43.173044
10,5,5,0.3,0.3,10,20,200,0.5861582750000003,1272.8578900434472,2024-09-19 12:17:44.091530
10,10,5,0.3,0.3,10,20,200,0.813719963,1294.7623912942613,2024-09-19 12:17:46.236486
10,30,5,0.3,0.3,10,20,200,1.762901731,1121.2836146357586,2024-09-19 12:17:48.055701
10,5,10,0.3,0.3,10,20,200,0.6030915159999997,1272.8578900434472,2024-09-19 12:17:49.299363
10,10,10,0.3,0.3,10,20,200,0.7948228880000001,1274.278942675026,2024-09-19 12:17:51.131562
10,30,10,0.3,0.3,10,20,200,1.862257456,1090.6368897230786,2024-09-19 12:17:53.677176
10,5,20,0.3,0.3,10,20,200,0.562790036,1272.8578900434472,2024-09-19 12:17:53.920690
10,10,20,0.3,0.3,10,20,200,0.7714068419999998,1274.278942675026,2024-09-19 12:17:56.652709
10,30,20,0.3,0.3,10,20,200,1.708746389,1274.278942675026,2024-09-19 12:17:57.716436
10,5,30,0.3,0.3,10,20,200,0.5578778890000002,1272.8578900434472,2024-09-19 12:17:59.546030
10,10,30,0.3,0.3,10,20,200,0.8198267399999999,1274.278942675026,2024-09-19 12:18:00.730659
10,5,5,0.3,0.3,20,20,200,0.5999414569999997,1274.278942675026,2024-09-19 12:18:03.438195
10,30,30,0.3,0.3,10,20,200,1.8307797139999997,1090.6368897230786,2024-09-19 12:18:03.754988
10,10,5,0.3,0.3,20,20,200,0.703030437,1274.278942675026,2024-09-19 12:18:07.596749
10,30,5,0.3,0.3,20,20,200,1.663356886,1272.8578900434472,2024-09-19 12:18:08.706731
10,5,10,0.3,0.3,20,20,200,0.5317108959999999,1272.8578900434472,2024-09-19 12:18:10.363585
10,10,10,0.3,0.3,20,20,200,0.7557038339999997,1274.278942675026,2024-09-19 12:18:11.564946
10,5,20,0.3,0.3,20,20,200,0.5974316239999999,1274.278942675026,2024-09-19 12:18:14.381277
10,30,10,0.3,0.3,20,20,200,1.8307019869999999,1089.9536498311193,2024-09-19 12:18:14.437134
10,10,20,0.3,0.3,20,20,200,0.737924815,1274.278942675026,2024-09-19 12:18:17.309705
10,30,20,0.3,0.3,20,20,200,1.727664326,1272.8578900434472,2024-09-19 12:18:18.411782
10,5,30,0.3,0.3,20,20,200,0.46728970599999986,1272.8578900434472,2024-09-19 12:18:20.035448
10,10,30,0.3,0.3,20,20,200,0.768117722,1274.278942675026,2024-09-19 12:18:21.256621
10,5,5,0.3,0.3,30,20,200,0.5615273649999999,1272.8578900434472,2024-09-19 12:18:23.812163
10,30,30,0.3,0.3,20,20,200,1.8101302609999999,1272.8578900434472,2024-09-19 12:18:24.288986
10,10,5,0.3,0.3,30,20,200,0.7782014289999997,1294.7623912942613,2024-09-19 12:18:27.016430
10,30,5,0.3,0.3,30,20,200,1.7016338100000001,1274.278942675026,2024-09-19 12:18:28.169395
10,5,10,0.3,0.3,30,20,200,0.548012962,1274.278942675026,2024-09-19 12:18:29.939651
10,10,10,0.3,0.3,30,20,200,0.7804771099999996,1274.278942675026,2024-09-19 12:18:30.976319
10,5,20,0.3,0.3,30,20,200,0.5974913639999999,1274.278942675026,2024-09-19 12:18:33.606333
10,30,10,0.3,0.3,30,20,200,1.8704860650000001,1090.6368897230786,2024-09-19 12:18:34.036013
10,10,20,0.3,0.3,30,20,200,0.832895717,1272.8578900434472,2024-09-19 12:18:36.774269
10,30,20,0.3,0.3,30,20,200,1.739780073,1272.8578900434472,2024-09-19 12:18:37.941194
10,5,30,0.3,0.3,30,20,200,0.5274693579999998,1272.8578900434472,2024-09-19 12:18:39.676304
10,10,30,0.3,0.3,30,20,200,0.8092613240000002,1274.278942675026,2024-09-19 12:18:40.740571
10,30,30,0.3,0.3,30,20,200,1.735624858,1272.8578900434472,2024-09-19 12:18:43.603018
20,10,5,0.3,0.3,5,20,50,2.8674028099999997,2899.208288637191,2024-09-19 12:18:45.875651
20,5,10,0.3,0.3,5,20,50,1.8111981469999998,3065.61151409797,2024-09-19 12:18:50.049526
20,30,5,0.3,0.3,5,20,50,8.203680661,2817.90552789726,2024-09-19 12:18:54.465744
20,10,10,0.3,0.3,5,20,50,2.954247629,2827.5248897907018,2024-09-19 12:18:55.385811
20,5,20,0.3,0.3,5,20,50,1.779432752,3065.61151409797,2024-09-19 12:18:59.306010
20,10,20,0.3,0.3,5,20,50,3.2735610979999996,2973.25892216353,2024-09-19 12:19:04.751705
20,30,10,0.3,0.3,5,20,50,8.025939566,2797.6731213503826,2024-09-19 12:19:05.314286
20,5,30,0.3,0.3,5,20,50,1.760093469,3065.61151409797,2024-09-19 12:19:09.298098
20,10,30,0.3,0.3,5,20,50,2.9931890919999997,2812.442497261272,2024-09-19 12:19:14.757822
20,30,20,0.3,0.3,5,20,50,8.571374807,2282.498029217584,2024-09-19 12:19:15.834976
20,5,5,0.3,0.3,10,20,50,1.789294231,2978.6781921603624,2024-09-19 12:19:19.746367
20,10,5,0.3,0.3,10,20,50,3.1323243580000004,2886.658425446637,2024-09-19 12:19:25.289019
20,30,30,0.3,0.3,5,20,50,8.054309705,2758.271715790136,2024-09-19 12:19:25.398843
20,5,10,0.3,0.3,10,20,50,1.5582195680000002,2812.248985117407,2024-09-19 12:19:29.159944
20,10,10,0.3,0.3,10,20,50,3.128169532,2869.021488012313,2024-09-19 12:19:34.556356
20,30,5,0.3,0.3,10,20,50,7.9765519099999995,2850.5178829064066,2024-09-19 12:19:35.987224
20,5,20,0.3,0.3,10,20,50,1.751069077,2868.442058842036,2024-09-19 12:19:39.890686
20,30,10,0.3,0.3,10,20,50,7.749762338999999,2817.90552789726,2024-09-19 12:19:44.939521
20,10,20,0.3,0.3,10,20,50,3.0977311549999995,3101.205063502464,2024-09-19 12:19:45.332368
20,5,30,0.3,0.3,10,20,50,1.8167553819999998,2869.777288009281,2024-09-19 12:19:49.246390
20,10,30,0.3,0.3,10,20,50,2.933227605,2818.368423187198,2024-09-19 12:19:54.653740
20,30,20,0.3,0.3,10,20,50,9.060498718,2715.4794472704016,2024-09-19 12:19:56.489022
20,5,5,0.3,0.3,20,20,50,1.800671962,3070.7296847574826,2024-09-19 12:20:00.626532
20,30,30,0.3,0.3,10,20,50,7.817880779999999,2818.368423187198,2024-09-19 12:20:04.951528
20,10,5,0.3,0.3,20,20,50,3.303792262,2646.211148344035,2024-09-19 12:20:06.515070
20,5,10,0.3,0.3,20,20,50,1.7876638320000002,3051.103326633846,2024-09-19 12:20:10.571794
20,10,10,0.3,0.3,20,20,50,3.013435246,2887.941510655168,2024-09-19 12:20:15.861621
20,30,5,0.3,0.3,20,20,50,8.605256316999998,2529.3223010731635,2024-09-19 12:20:16.149923
20,5,20,0.3,0.3,20,20,50,1.64650739,2832.258382325427,2024-09-19 12:20:19.710731
20,10,20,0.3,0.3,20,20,50,3.37235163,2835.4301994165153,2024-09-19 12:20:25.539754
20,30,10,0.3,0.3,20,20,50,8.086981417999999,2860.7536337177244,2024-09-19 12:20:26.425014
20,5,30,0.3,0.3,20,20,50,1.797238134,2892.1457625457406,2024-09-19 12:20:30.343618
20,10,30,0.3,0.3,20,20,50,3.129592779,2823.131016444675,2024-09-19 12:20:36.019151
20,30,20,0.3,0.3,20,20,50,8.700647664,2882.0217741323463,2024-09-19 12:20:37.019622
20,5,5,0.3,0.3,30,20,50,1.8865037789999999,2885.640224089425,2024-09-19 12:20:41.021897
20,10,5,0.3,0.3,30,20,50,3.2522034790000003,2906.390131920698,2024-09-19 12:20:46.557698
20,30,30,0.3,0.3,20,20,50,8.335468808999998,2818.368423187198,2024-09-19 12:20:47.228605
20,5,10,0.3,0.3,30,20,50,1.7357379540000002,2898.7857789947734,2024-09-19 12:20:50.920345
20,10,10,0.3,0.3,30,20,50,3.0594678569999996,2805.72505915326,2024-09-19 12:20:56.181643
20,30,5,0.3,0.3,30,20,50,8.109347468,2827.831164429638,2024-09-19 12:20:57.307936
20,5,20,0.3,0.3,30,20,50,1.8381831949999998,3051.103326633846,2024-09-19 12:21:01.243989
20,30,10,0.3,0.3,30,20,50,7.873324127000001,2799.293426162293,2024-09-19 12:21:06.464783
20,10,20,0.3,0.3,30,20,50,3.2502840579999996,2944.9040240381464,2024-09-19 12:21:06.633511
20,5,30,0.3,0.3,30,20,50,1.5742042699999999,3039.660650384335,2024-09-19 12:21:10.716902
20,10,30,0.3,0.3,30,20,50,3.0873550030000003,2823.131016444675,2024-09-19 12:21:16.016435
20,30,20,0.3,0.3,30,20,50,8.172695479000001,2698.91446692488,2024-09-19 12:21:17.486232
20,5,5,0.3,0.3,5,20,100,2.489078546,3071.460846425476,2024-09-19 12:21:22.086227
20,30,30,0.3,0.3,30,20,50,7.694371077,2869.8680736485903,2024-09-19 12:21:26.334394
20,10,5,0.3,0.3,5,20,100,3.963947025,2879.5258798229943,2024-09-19 12:21:28.286791
20,5,10,0.3,0.3,5,20,100,2.4271327759999997,3088.5953336480734,2024-09-19 12:21:32.870992
20,30,5,0.3,0.3,5,20,100,8.668190946,2838.5894835486342,2024-09-19 12:21:37.495087
20,10,10,0.3,0.3,5,20,100,3.9371264750000003,3059.5744038994503,2024-09-19 12:21:39.247273
20,5,20,0.3,0.3,5,20,100,2.4983742689999997,3001.233892814461,2024-09-19 12:21:43.884339
20,30,10,0.3,0.3,5,20,100,9.225719539,2825.3913900915145,2024-09-19 12:21:49.571941
20,10,20,0.3,0.3,5,20,100,3.658900532,2839.985963250426,2024-09-19 12:21:50.143610
20,5,30,0.3,0.3,5,20,100,2.2831243310000002,3060.9503142336252,2024-09-19 12:21:54.518768
20,10,30,0.3,0.3,5,20,100,3.759709355,2942.6383340541443,2024-09-19 12:22:00.572989
20,30,20,0.3,0.3,5,20,100,9.63029068,3000.220432437107,2024-09-19 12:22:01.728720
20,5,5,0.3,0.3,10,20,100,2.3129126660000003,3055.4406246392005,2024-09-19 12:22:06.143381
20,30,30,0.3,0.3,5,20,100,8.928518363,2638.9657561431304,2024-09-19 12:22:11.979393
20,10,5,0.3,0.3,10,20,100,3.938039611,2987.9831969656643,2024-09-19 12:22:12.440517
20,5,10,0.3,0.3,10,20,100,2.2809151169999997,3113.329128251785,2024-09-19 12:22:16.812933
20,10,10,0.3,0.3,10,20,100,3.995367054,2930.1055971865862,2024-09-19 12:22:23.068786
20,30,5,0.3,0.3,10,20,100,9.567419278,2864.219162357249,2024-09-19 12:22:23.967998
20,5,20,0.3,0.3,10,20,100,2.412591085,3020.860250938098,2024-09-19 12:22:28.406459
20,10,20,0.3,0.3,10,20,100,3.5574501720000002,2773.726325705106,2024-09-19 12:22:34.328772
20,30,10,0.3,0.3,10,20,100,9.808652475,3073.335160289401,2024-09-19 12:22:35.297453
20,5,30,0.3,0.3,10,20,100,2.2586500560000005,3064.218205822961,2024-09-19 12:22:39.665351
20,10,30,0.3,0.3,10,20,100,3.70591121,2958.173611309896,2024-09-19 12:22:45.714593
20,30,20,0.3,0.3,10,20,100,9.613552965,3024.3364694771226,2024-09-19 12:22:47.004282
20,5,5,0.3,0.3,20,20,100,2.48417515,3071.460846425476,2024-09-19 12:22:51.762786
20,10,5,0.3,0.3,20,20,100,3.932113732,3068.9689755244362,2024-09-19 12:22:57.754680
20,30,30,0.3,0.3,10,20,100,9.46350577,2713.3045311117844,2024-09-19 12:22:57.796010
20,5,10,0.3,0.3,20,20,100,2.0374192580000003,3070.412040900882,2024-09-19 12:23:02.048889
20,10,10,0.3,0.3,20,20,100,3.946359298,3095.8514267249893,2024-09-19 12:23:08.110811
20,30,5,0.3,0.3,20,20,100,8.420111611,2754.4623387468755,2024-09-19 12:23:08.613081
20,5,20,0.3,0.3,20,20,100,2.3373922350000003,3001.233892814461,2024-09-19 12:23:13.179620
20,30,10,0.3,0.3,20,20,100,8.308398211,2773.637962895899,2024-09-19 12:23:18.846492
20,10,20,0.3,0.3,20,20,100,3.696154064,2735.6247161175675,2024-09-19 12:23:19.002114
20,5,30,0.3,0.3,20,20,100,2.06712188,3068.9689755244362,2024-09-19 12:23:23.255137
20,10,30,0.3,0.3,20,20,100,3.4691408690000003,2907.056216986747,2024-09-19 12:23:28.932703
20,30,20,0.3,0.3,20,20,100,9.031278930000001,2418.8420734464753,2024-09-19 12:23:30.615992
20,5,5,0.3,0.3,30,20,100,2.411799456,2973.5391742421307,2024-09-19 12:23:35.599661
20,30,30,0.3,0.3,20,20,100,9.259455855,2748.2723501517503,2024-09-19 12:23:40.842570
20,10,5,0.3,0.3,30,20,100,3.818524399,3045.6170653381905,2024-09-19 12:23:41.756858
20,5,10,0.3,0.3,30,20,100,2.321424819,3058.1097503225405,2024-09-19 12:23:46.123654
20,30,5,0.3,0.3,30,20,100,8.515024768,2801.6302025234563,2024-09-19 12:23:52.171993
20,10,10,0.3,0.3,30,20,100,3.9889916750000003,2944.965848471632,2024-09-19 12:23:53.311899
20,5,20,0.3,0.3,30,20,100,2.605321647,3104.0242626666077,2024-09-19 12:23:58.907277
20,10,20,0.3,0.3,30,20,100,3.9473965300000002,3086.054097714152,2024-09-19 12:24:05.553595
20,30,10,0.3,0.3,30,20,100,9.893937114,2921.424830156746,2024-09-19 12:24:06.426047
20,5,30,0.3,0.3,30,20,100,2.3293626689999996,3068.7228877001053,2024-09-19 12:24:10.842292
20,10,30,0.3,0.3,30,20,100,3.6347725300000002,2875.1284095801925,2024-09-19 12:24:16.751965
20,30,20,0.3,0.3,30,20,100,9.191176971,2705.2385505400434,2024-09-19 12:24:17.509921
20,5,5,0.3,0.3,5,20,150,2.689681774,3187.825853588099,2024-09-19 12:24:22.304455
20,30,30,0.3,0.3,30,20,100,8.569953903000002,2757.8120472344917,2024-09-19 12:24:27.870606
20,10,5,0.3,0.3,5,20,150,4.0589193670000006,2711.8111051455726,2024-09-19 12:24:28.845596
20,5,10,0.3,0.3,5,20,150,2.4291859110000003,2795.589186595178,2024-09-19 12:24:33.376572
20,30,5,0.3,0.3,5,20,150,8.802019087,2866.854957892315,2024-09-19 12:24:39.373591
20,10,10,0.3,0.3,5,20,150,3.895467714,2825.7792219763214,2024-09-19 12:24:39.561224
20,5,20,0.3,0.3,5,20,150,2.4012505429999997,3148.3333639155862,2024-09-19 12:24:43.993584
20,30,10,0.3,0.3,5,20,150,8.338708613,2573.0573680472507,2024-09-19 12:24:50.248613
20,10,20,0.3,0.3,5,20,150,4.139262629999999,3117.7493923181464,2024-09-19 12:24:50.447574
20,5,30,0.3,0.3,5,20,150,2.573130743,3148.3333639155862,2024-09-19 12:24:55.288899
20,10,30,0.3,0.3,5,20,150,4.096677656000001,3203.7116755009793,2024-09-19 12:25:01.635793
20,30,20,0.3,0.3,5,20,150,9.501414865000001,2908.9661912626343,2024-09-19 12:25:02.264538
20,5,5,0.3,0.3,10,20,150,2.4619373580000006,3177.0105347738045,2024-09-19 12:25:06.921451
20,30,30,0.3,0.3,5,20,150,9.32095814,3002.0879538718996,2024-09-19 12:25:13.632180
20,10,5,0.3,0.3,10,20,150,4.3507309759999995,3022.520526754238,2024-09-19 12:25:13.849740
20,5,10,0.3,0.3,10,20,150,2.3762570020000005,2948.48402000415,2024-09-19 12:25:18.426697
20,30,5,0.3,0.3,10,20,150,8.552440456,2817.90552789726,2024-09-19 12:25:24.604003
20,10,10,0.3,0.3,10,20,150,3.6438678089999996,2810.630946297173,2024-09-19 12:25:24.770486
20,5,20,0.3,0.3,10,20,150,2.457671337,3152.212744521243,2024-09-19 12:25:29.334395
20,10,20,0.3,0.3,10,20,150,4.101990003,3117.7493923181464,2024-09-19 12:25:35.842801
20,30,10,0.3,0.3,10,20,150,9.818724242,2968.8044819331953,2024-09-19 12:25:37.133007
20,5,30,0.3,0.3,10,20,150,2.6606927329999994,3203.7116755009793,2024-09-19 12:25:41.682622
20,30,20,0.3,0.3,10,20,150,8.634540544,2752.126372074218,2024-09-19 12:25:46.936213
20,10,30,0.3,0.3,10,20,150,3.9781289469999996,2673.138028239313,2024-09-19 12:25:48.058955
20,5,5,0.3,0.3,20,20,150,2.554504998,2804.841695638447,2024-09-19 12:25:52.520487
20,30,30,0.3,0.3,10,20,150,9.212588973999999,2947.5787581578056,2024-09-19 12:25:58.848345
20,10,5,0.3,0.3,20,20,150,4.186923332000001,2909.7402014934605,2024-09-19 12:25:59.102616
20,5,10,0.3,0.3,20,20,150,2.179541462,2789.6632606692524,2024-09-19 12:26:03.264653
20,10,10,0.3,0.3,20,20,150,4.0105322139999995,3008.256582688995,2024-09-19 12:26:09.787990
20,30,5,0.3,0.3,20,20,150,9.039165610000001,2561.5802753472713,2024-09-19 12:26:10.413935
20,5,20,0.3,0.3,20,20,150,2.578748075,3093.36660928041,2024-09-19 12:26:15.029865
20,30,10,0.3,0.3,20,20,150,8.269599397,2741.4778769034647,2024-09-19 12:26:20.629617
20,10,20,0.3,0.3,20,20,150,4.1048385750000005,3099.8685132888168,2024-09-19 12:26:21.556254
20,5,30,0.3,0.3,20,20,150,2.520019757,3190.227231003344,2024-09-19 12:26:25.971044
20,30,20,0.3,0.3,20,20,150,8.919505430000001,2875.4645462552526,2024-09-19 12:26:32.162319
20,10,30,0.3,0.3,20,20,150,4.145266596000001,3177.0105347738045,2024-09-19 12:26:32.630076
20,5,5,0.3,0.3,30,20,150,2.563872524,2737.498542960598,2024-09-19 12:26:37.139897
20,10,5,0.3,0.3,30,20,150,4.126435669,3190.227231003344,2024-09-19 12:26:43.570287
20,30,30,0.3,0.3,20,20,150,9.031126464,2679.965384882912,2024-09-19 12:26:43.621496
20,5,10,0.3,0.3,30,20,150,2.07799923,2762.564248766051,2024-09-19 12:26:47.595337
20,10,10,0.3,0.3,30,20,150,3.6114252589999998,2856.5534844449626,2024-09-19 12:26:53.429655
20,30,5,0.3,0.3,30,20,150,8.540064521,2913.508252341173,2024-09-19 12:26:54.335199
20,5,20,0.3,0.3,30,20,150,2.59726094,3195.6358352938987,2024-09-19 12:26:58.871248
20,30,10,0.3,0.3,30,20,150,8.404721462000001,2741.830414680597,2024-09-19 12:27:04.351722
20,10,20,0.3,0.3,30,20,150,4.001549198999999,3095.7428805500604,2024-09-19 12:27:05.637060
20,5,30,0.3,0.3,30,20,150,2.7462849580000004,3190.227231003344,2024-09-19 12:27:10.405321
20,30,20,0.3,0.3,30,20,150,9.303004871999999,3027.1187770723054,2024-09-19 12:27:16.348166
20,10,30,0.3,0.3,30,20,150,4.197871993,3174.3414090904644,2024-09-19 12:27:17.039688
20,5,5,0.3,0.3,5,20,200,2.808115525,3192.896356686684,2024-09-19 12:27:21.896603
20,30,30,0.3,0.3,30,20,150,9.244575039,2668.669843934671,2024-09-19 12:27:28.461925
20,10,5,0.3,0.3,5,20,200,4.651418141999999,2898.2200058215453,2024-09-19 12:27:28.863598
20,5,10,0.3,0.3,5,20,200,2.7523507909999996,3148.3333639155862,2024-09-19 12:27:33.660502
20,30,5,0.3,0.3,5,20,200,8.654249544999999,2687.074817545932,2024-09-19 12:27:39.565087
20,10,10,0.3,0.3,5,20,200,4.63320008,3187.825853588099,2024-09-19 12:27:40.612466
20,5,20,0.3,0.3,5,20,200,2.9065500789999996,3148.3333639155862,2024-09-19 12:27:45.471967
20,30,10,0.3,0.3,5,20,200,9.471380132,3002.0879538718996,2024-09-19 12:27:51.664684
20,10,20,0.3,0.3,5,20,200,4.39823133,2841.6750459901396,2024-09-19 12:27:52.277162
20,5,30,0.3,0.3,5,20,200,2.781587051,3192.896356686684,2024-09-19 12:27:57.039861
20,10,30,0.3,0.3,5,20,200,4.6823787370000005,3177.0105347738045,2024-09-19 12:28:03.965205
20,30,20,0.3,0.3,5,20,200,10.40974767,2886.924925248869,2024-09-19 12:28:04.430430
20,5,5,0.3,0.3,10,20,200,2.6819663780000003,3203.7116755009793,2024-09-19 12:28:09.114409
20,30,30,0.3,0.3,5,20,200,9.631358449,2655.0981966446825,2024-09-19 12:28:15.962494
20,10,5,0.3,0.3,10,20,200,4.786635506,2996.750804730216,2024-09-19 12:28:16.479283
20,5,10,0.3,0.3,10,20,200,2.801029174,3132.447542002706,2024-09-19 12:28:21.449356
20,10,10,0.3,0.3,10,20,200,4.837551275999999,3174.3414090904644,2024-09-19 12:28:28.756623
20,30,5,0.3,0.3,10,20,200,10.366348194,2866.927178482695,2024-09-19 12:28:28.813084
20,5,20,0.3,0.3,10,20,200,2.559587412,2759.4387676896877,2024-09-19 12:28:33.295077
20,10,20,0.3,0.3,10,20,200,4.578816522,2714.923520677162,2024-09-19 12:28:40.147410
20,30,10,0.3,0.3,10,20,200,10.001941898,2772.112422461307,2024-09-19 12:28:41.008732
20,5,30,0.3,0.3,10,20,200,2.9277675179999996,3187.825853588099,2024-09-19 12:28:46.059716
20,10,30,0.3,0.3,10,20,200,4.616507820000001,2697.6482221365222,2024-09-19 12:28:53.003716
20,30,20,0.3,0.3,10,20,200,10.497272293,2903.2356893557203,2024-09-19 12:28:53.139606
20,5,5,0.3,0.3,20,20,200,2.640233732,3177.0105347738045,2024-09-19 12:28:57.923651
20,10,5,0.3,0.3,20,20,200,5.026498839,2913.6076045377426,2024-09-19 12:29:05.193772
20,30,30,0.3,0.3,10,20,200,9.986391249,2634.142721826963,2024-09-19 12:29:05.655003
20,5,10,0.3,0.3,20,20,200,2.937982773,2789.2721342585946,2024-09-19 12:29:10.829246
20,30,5,0.3,0.3,20,20,200,9.627141413,2774.2440408200905,2024-09-19 12:29:17.482500
20,10,10,0.3,0.3,20,20,200,4.617055055,3177.0105347738045,2024-09-19 12:29:17.794061
20,5,20,0.3,0.3,20,20,200,2.8045543379999995,3192.896356686684,2024-09-19 12:29:22.516204
20,10,20,0.3,0.3,20,20,200,4.477964304,2673.138028239313,2024-09-19 12:29:29.286548
20,30,10,0.3,0.3,20,20,200,10.015372708000001,2984.4695138911607,2024-09-19 12:29:30.010320
20,5,30,0.3,0.3,20,20,200,2.706769745,3148.3333639155862,2024-09-19 12:29:34.725529
20,30,20,0.3,0.3,20,20,200,9.627237705999999,2992.880108331259,2024-09-19 12:29:41.380194
20,10,30,0.3,0.3,20,20,200,4.659847739,3192.896356686684,2024-09-19 12:29:41.750800
20,5,5,0.3,0.3,30,20,200,2.880245279,3140.5159790452826,2024-09-19 12:29:46.716016
20,30,30,0.3,0.3,20,20,200,8.804547065000001,2752.8916152069078,2024-09-19 12:29:52.560416
20,10,5,0.3,0.3,30,20,200,4.885333078,2893.3804765799373,2024-09-19 12:29:54.063126
20,5,10,0.3,0.3,30,20,200,3.098728865,2739.8124095660505,2024-09-19 12:29:59.136837
20,30,5,0.3,0.3,30,20,200,8.859117604,2855.119497473269,2024-09-19 12:30:04.068167
20,10,10,0.3,0.3,30,20,200,4.489338411,3177.0105347738045,2024-09-19 12:30:06.192738
20,5,20,0.3,0.3,30,20,200,3.250916417,3177.0105347738045,2024-09-19 12:30:11.464472
20,30,10,0.3,0.3,30,20,200,9.982854699,2702.2727312812694,2024-09-19 12:30:16.508970
20,10,20,0.3,0.3,30,20,200,4.4878166440000005,3187.825853588099,2024-09-19 12:30:19.130784
20,5,30,0.3,0.3,30,20,200,3.246607287,3140.5159790452826,2024-09-19 12:30:24.763339
20,30,20,0.3,0.3,30,20,200,10.534343459,2746.328798711169,2024-09-19 12:30:29.715437
20,10,30,0.3,0.3,30,20,200,4.639216431,3187.825853588099,2024-09-19 12:30:31.949696
20,30,30,0.3,0.3,30,20,200,10.656487914000001,2676.5948502127803,2024-09-19 12:30:42.946008
30,10,5,0.3,0.3,5,20,50,8.747193052,4301.249317789594,2024-09-19 12:30:43.139317
30,5,10,0.3,0.3,5,20,50,3.9908876120000003,4590.636728965146,2024-09-19 12:30:49.539943
30,10,10,0.3,0.3,5,20,50,7.6225958039999995,4479.137090721668,2024-09-19 12:30:59.708706
30,30,5,0.3,0.3,5,20,50,21.628255161,4465.00491252606,2024-09-19 12:31:07.897972
30,5,20,0.3,0.3,5,20,50,4.315325438,4625.727160704697,2024-09-19 12:31:14.574114
30,30,10,0.3,0.3,5,20,50,19.755180601,4426.343655009938,2024-09-19 12:31:22.572843
30,10,20,0.3,0.3,5,20,50,7.486035112,4414.199317190648,2024-09-19 12:31:24.511349
30,5,30,0.3,0.3,5,20,50,3.996803463,4303.192951186907,2024-09-19 12:31:30.931035
30,10,30,0.3,0.3,5,20,50,8.152958884,4273.495513900905,2024-09-19 12:31:41.307016
30,30,20,0.3,0.3,5,20,50,20.211972273,4498.653013829366,2024-09-19 12:31:45.919796
30,5,5,0.3,0.3,10,20,50,4.445097387000001,4647.243797556027,2024-09-19 12:31:52.744999
30,10,5,0.3,0.3,10,20,50,8.199237057,4424.63923174185,2024-09-19 12:32:03.303296
30,30,30,0.3,0.3,5,20,50,19.484138183,4358.4320493533305,2024-09-19 12:32:03.802060
30,5,10,0.3,0.3,10,20,50,4.080768995,4555.9859664393425,2024-09-19 12:32:10.178539
30,10,10,0.3,0.3,10,20,50,7.232221150000001,4475.854644302168,2024-09-19 12:32:19.904141
30,30,5,0.3,0.3,10,20,50,21.324126597,4037.6306600427642,2024-09-19 12:32:28.141103
30,5,20,0.3,0.3,10,20,50,4.146428219,4640.141732307488,2024-09-19 12:32:34.894339
30,30,10,0.3,0.3,10,20,50,19.993239707,4458.84311671738,2024-09-19 12:32:43.223121
30,10,20,0.3,0.3,10,20,50,7.745907336000001,4398.388427839175,2024-09-19 12:32:45.050919
30,5,30,0.3,0.3,10,20,50,4.222122392,4453.377232024625,2024-09-19 12:32:51.707360
30,10,30,0.3,0.3,10,20,50,8.339284779,4411.698843004817,2024-09-19 12:33:02.555661
30,30,20,0.3,0.3,10,20,50,21.830647924999997,4118.390412538624,2024-09-19 12:33:08.178259
30,5,5,0.3,0.3,20,20,50,4.455824844,4715.775063455023,2024-09-19 12:33:14.984050
30,10,5,0.3,0.3,20,20,50,8.417841439,4420.003976093544,2024-09-19 12:33:26.218104
30,30,30,0.3,0.3,10,20,50,22.580951677,3947.4274439585706,2024-09-19 12:33:28.145664
30,5,10,0.3,0.3,20,20,50,4.245401549,4590.636728965146,2024-09-19 12:33:34.758353
30,10,10,0.3,0.3,20,20,50,7.658821143,4393.688259868544,2024-09-19 12:33:44.907721
30,30,5,0.3,0.3,20,20,50,21.900721262,4490.098266503264,2024-09-19 12:33:50.930782
30,5,20,0.3,0.3,20,20,50,4.438615649000001,4622.127465339939,2024-09-19 12:33:58.048651
30,10,20,0.3,0.3,20,20,50,7.617205112999999,4584.505224536029,2024-09-19 12:34:08.450441
30,30,10,0.3,0.3,20,20,50,21.502187156999998,4285.691088904367,2024-09-19 12:34:09.804906
30,5,30,0.3,0.3,20,20,50,4.321114541,4293.037706011216,2024-09-19 12:34:16.808167
30,10,30,0.3,0.3,20,20,50,7.573887566000001,4361.474095396047,2024-09-19 12:34:29.215793
30,30,20,0.3,0.3,20,20,50,21.090123949000002,4498.653013829366,2024-09-19 12:34:35.041606
30,5,5,0.3,0.3,30,20,50,4.56878279,4625.690333608778,2024-09-19 12:34:42.323887
30,10,5,0.3,0.3,30,20,50,7.968967919000001,4600.249022197216,2024-09-19 12:34:53.007476
30,30,30,0.3,0.3,20,20,50,22.453319164,4068.0584219988646,2024-09-19 12:34:57.673406
30,5,10,0.3,0.3,30,20,50,4.303985292,4555.9859664393425,2024-09-19 12:35:04.402037
30,10,10,0.3,0.3,30,20,50,7.387401777000001,4508.217581990937,2024-09-19 12:35:14.553598
30,30,5,0.3,0.3,30,20,50,21.489484738999998,4395.474590098408,2024-09-19 12:35:18.112012
30,5,20,0.3,0.3,30,20,50,3.9819386599999995,4706.482261807525,2024-09-19 12:35:24.501238
30,10,20,0.3,0.3,30,20,50,7.2572717419999995,4348.060549209025,2024-09-19 12:35:34.007261
30,30,10,0.3,0.3,30,20,50,21.026690009000003,4172.421486354042,2024-09-19 12:35:39.195886
30,5,30,0.3,0.3,30,20,50,4.199380014,4462.967986807453,2024-09-19 12:35:45.896741
30,30,20,0.3,0.3,30,20,50,19.47337847,4145.537195409169,2024-09-19 12:35:56.727331
30,10,30,0.3,0.3,30,20,50,8.507568581,4479.059420694304,2024-09-19 12:35:56.931531
30,5,5,0.3,0.3,5,20,100,5.392522765000001,4493.896003691187,2024-09-19 12:36:04.502782
30,10,5,0.3,0.3,5,20,100,9.76508748,4131.552614086227,2024-09-19 12:36:17.225496
30,30,30,0.3,0.3,30,20,50,21.469341791,4198.5502104811085,2024-09-19 12:36:22.048326
30,5,10,0.3,0.3,5,20,100,5.1394500690000005,4207.220830435297,2024-09-19 12:36:29.562639
30,10,10,0.3,0.3,5,20,100,9.484146839,4219.475564702317,2024-09-19 12:36:41.718776
30,30,5,0.3,0.3,5,20,100,23.819195414,4026.4157493280263,2024-09-19 12:36:45.127899
30,5,20,0.3,0.3,5,20,100,5.728432452,4343.138057979738,2024-09-19 12:36:53.399970
30,10,20,0.3,0.3,5,20,100,9.44183659,4197.839874982542,2024-09-19 12:37:05.379348
30,30,10,0.3,0.3,5,20,100,22.473688187,4312.331629183908,2024-09-19 12:37:07.836620
30,5,30,0.3,0.3,5,20,100,5.6065727579999995,4242.616069255068,2024-09-19 12:37:15.650895
30,10,30,0.3,0.3,5,20,100,9.549849273,4342.016121573517,2024-09-19 12:37:27.771069
30,30,20,0.3,0.3,5,20,100,22.211612032,4146.095571001573,2024-09-19 12:37:30.997132
30,5,5,0.3,0.3,10,20,100,5.696204107,4172.413698530723,2024-09-19 12:37:39.047667
30,10,5,0.3,0.3,10,20,100,9.348749429000001,4121.854653441483,2024-09-19 12:37:50.947528
30,30,30,0.3,0.3,5,20,100,22.64925676,4126.81307362137,2024-09-19 12:37:53.716607
30,5,10,0.3,0.3,10,20,100,5.740131065,4268.725075804052,2024-09-19 12:38:01.844099
30,10,10,0.3,0.3,10,20,100,9.468077533,4260.358293435982,2024-09-19 12:38:13.946431
30,30,5,0.3,0.3,10,20,100,23.738127511,4076.6572149373087,2024-09-19 12:38:18.270451
30,5,20,0.3,0.3,10,20,100,5.848961252999999,4404.287049505111,2024-09-19 12:38:26.589424
30,10,20,0.3,0.3,10,20,100,9.380167939,4293.30422596723,2024-09-19 12:38:38.786999
30,30,10,0.3,0.3,10,20,100,22.894393383,4213.769354393974,2024-09-19 12:38:40.421441
10,20,5,0.3,0.3,5,20,50,1.184041696,1128.8712978227195,2024-09-19 12:44:14.770466
10,20,10,0.3,0.3,5,20,50,1.0972067970000001,1111.230983056811,2024-09-19 12:44:21.652572
10,20,20,0.3,0.3,5,20,50,1.161669368,1180.707402890095,2024-09-19 12:44:28.188598
10,20,30,0.3,0.3,5,20,50,1.142768202,1119.077551597778,2024-09-19 12:44:35.171629
10,20,5,0.3,0.3,10,20,50,1.1204149369999998,1128.8712978227195,2024-09-19 12:44:42.095528
10,20,10,0.3,0.3,10,20,50,1.117957281,1127.1025734332593,2024-09-19 12:44:48.190382
10,20,20,0.3,0.3,10,20,50,1.109525238,1119.077551597778,2024-09-19 12:44:54.640802
10,20,30,0.3,0.3,10,20,50,1.18372367,1301.9756231370743,2024-09-19 12:45:02.168078
10,20,5,0.3,0.3,20,20,50,1.134847363,1163.2950422148551,2024-09-19 12:45:08.701431
10,20,10,0.3,0.3,20,20,50,1.151331484,1121.7367097555884,2024-09-19 12:45:14.471379
10,20,20,0.3,0.3,20,20,50,1.1703775920000004,1119.077551597778,2024-09-19 12:45:21.484175
10,20,30,0.3,0.3,20,20,50,1.1987175250000002,1168.0758239427266,2024-09-19 12:45:28.482826
10,20,5,0.3,0.3,30,20,50,1.2535059830000002,1128.8712978227195,2024-09-19 12:45:37.307134
10,20,10,0.3,0.3,30,20,50,1.1886713960000002,1218.5703112922492,2024-09-19 12:45:44.674461
10,20,20,0.3,0.3,30,20,50,1.1198958400000003,1099.4415093726006,2024-09-19 12:45:51.423256
10,20,30,0.3,0.3,30,20,50,1.219598881,1301.9756231370743,2024-09-19 12:45:58.997510
10,20,5,0.3,0.3,5,20,100,1.1691523670000001,1153.1162326553326,2024-09-19 12:46:05.416919
10,20,10,0.3,0.3,5,20,100,0.8634282449999999,1318.2667821703553,2024-09-19 12:46:11.854863
10,20,20,0.3,0.3,5,20,100,0.9330521599999999,1318.2667821703553,2024-09-19 12:46:18.034462
10,20,30,0.3,0.3,5,20,100,1.1780191260000001,1107.469567207181,2024-09-19 12:46:25.081747
40,5,5,0.3,0.3,5,20,50,8.268355941,4322.862927204247,2024-09-19 13:07:29.184575
40,10,5,0.3,0.3,5,20,50,15.140636593,4348.08918000149,2024-09-19 13:11:17.272682
40,20,5,0.3,0.3,5,20,50,27.944657657,4314.843898193571,2024-09-19 13:11:35.987836
40,5,10,0.3,0.3,5,20,50,8.559137881,4319.977562788219,2024-09-19 13:11:46.373686
40,30,5,0.3,0.3,5,20,50,42.185133613,4169.765405728054,2024-09-19 13:12:00.579238
40,10,10,0.3,0.3,5,20,50,15.65508181,4342.100273985021,2024-09-19 13:12:03.636934
40,20,10,0.3,0.3,5,20,50,30.528151786000002,4398.30503345188,2024-09-19 13:12:32.297343
40,5,20,0.3,0.3,5,20,50,8.19635964,4348.475843649956,2024-09-19 13:12:42.384019
40,30,10,0.3,0.3,5,20,50,42.446889773,4169.384123629956,2024-09-19 13:12:46.521685
40,10,20,0.3,0.3,5,20,50,14.299772475,4482.522793906782,2024-09-19 13:12:58.385982
40,20,20,0.3,0.3,5,20,50,26.742709501,4462.537958773604,2024-09-19 13:13:14.581227
40,5,30,0.3,0.3,5,20,50,8.568339567,4684.611384104693,2024-09-19 13:13:24.970316
40,30,20,0.3,0.3,5,20,50,40.042109433,4265.142190998465,2024-09-19 13:13:39.517010
40,10,30,0.3,0.3,5,20,50,14.337322426000002,4515.279215279551,2024-09-19 13:13:41.357515
40,20,30,0.3,0.3,5,20,50,28.559094206999998,4700.7142324694205,2024-09-19 13:14:09.416566
40,5,5,0.3,0.3,10,20,50,8.293984135,4322.472244234754,2024-09-19 13:14:19.554868
40,30,30,0.3,0.3,5,20,50,41.589075974000004,4233.063791858877,2024-09-19 13:14:23.291966
40,10,5,0.3,0.3,10,20,50,14.910888089,4321.5390909816815,2024-09-19 13:14:36.459859
40,20,5,0.3,0.3,10,20,50,29.146733330000004,4308.48978095728,2024-09-19 13:14:53.749114
40,5,10,0.3,0.3,10,20,50,8.349058368000001,4302.853500293179,2024-09-19 13:15:03.815079
40,30,5,0.3,0.3,10,20,50,43.256449276000005,4363.931084091486,2024-09-19 13:15:20.768465
40,10,10,0.3,0.3,10,20,50,15.251969236,4270.6713164179355,2024-09-19 13:15:20.860781
40,20,10,0.3,0.3,10,20,50,29.811485705,4394.000206342812,2024-09-19 13:15:51.425057
40,5,20,0.3,0.3,10,20,50,8.366581097000001,4687.9706374463185,2024-09-19 13:16:01.660592
40,30,10,0.3,0.3,10,20,50,42.663886338999994,4242.0780909406,2024-09-19 13:16:04.169125
40,10,20,0.3,0.3,10,20,50,14.437077701,4382.847041262515,2024-09-19 13:16:17.827332
40,20,20,0.3,0.3,10,20,50,29.274119076999998,4289.232001712022,2024-09-19 13:16:34.617280
40,5,30,0.3,0.3,10,20,50,8.255965128,4485.443103104516,2024-09-19 13:16:44.760342
40,30,20,0.3,0.3,10,20,50,40.242962102999996,4261.338564099995,2024-09-19 13:16:59.009893
40,10,30,0.3,0.3,10,20,50,14.372939997,4478.538903022478,2024-09-19 13:17:00.792106
40,20,30,0.3,0.3,10,20,50,28.846171044,4699.092738616792,2024-09-19 13:17:29.081389
40,5,5,0.3,0.3,20,20,50,8.685225759,4283.0606208149,2024-09-19 13:17:39.607413
40,30,30,0.3,0.3,10,20,50,41.945327245,4244.277939628395,2024-09-19 13:17:43.241895
40,10,5,0.3,0.3,20,20,50,14.178968850999999,4521.677750958102,2024-09-19 13:17:55.947801
40,20,5,0.3,0.3,20,20,50,27.242372137,4242.658586560437,2024-09-19 13:18:11.647310
40,5,10,0.3,0.3,20,20,50,8.009421634999999,4623.371859012723,2024-09-19 13:18:21.419176
40,10,10,0.3,0.3,20,20,50,14.448230571999998,4691.058519914766,2024-09-19 13:18:37.433000
40,30,5,0.3,0.3,20,20,50,41.467532054,4420.804622955696,2024-09-19 13:18:38.476632
40,20,10,0.3,0.3,20,20,50,28.948306224,4160.9138910778765,2024-09-19 13:19:07.550260
40,5,20,0.3,0.3,20,20,50,8.426392331999999,4673.458936308771,2024-09-19 13:19:17.770247
40,30,10,0.3,0.3,20,20,50,39.734737801,4395.976018968552,2024-09-19 13:19:18.641619
40,10,20,0.3,0.3,20,20,50,15.052339330999999,4401.044417201244,2024-09-19 13:19:34.560470
40,20,20,0.3,0.3,20,20,50,28.907635864,4290.694799636417,2024-09-19 13:19:48.800462
40,5,30,0.3,0.3,20,20,50,8.61878501,4361.886954285293,2024-09-19 13:19:59.323463
40,10,30,0.3,0.3,20,20,50,15.817482238,4416.652624351771,2024-09-19 13:20:16.941491
40,30,20,0.3,0.3,20,20,50,41.622064267999995,4348.623641658988,2024-09-19 13:20:17.368370
40,20,30,0.3,0.3,20,20,50,29.815628613,4691.47067287831,2024-09-19 13:20:48.049183
40,5,5,0.3,0.3,30,20,50,8.317126142,4330.650320565053,2024-09-19 13:20:58.167181
40,30,30,0.3,0.3,20,20,50,41.410718883,4251.033550684831,2024-09-19 13:20:59.589680
40,10,5,0.3,0.3,30,20,50,14.931805441999998,4519.605380775332,2024-09-19 13:21:14.763966
40,20,5,0.3,0.3,30,20,50,27.393136456,4244.422166412245,2024-09-19 13:21:28.255817
40,5,10,0.3,0.3,30,20,50,7.932647628,4607.261616125385,2024-09-19 13:21:38.130204
40,10,10,0.3,0.3,30,20,50,14.737689262,4471.676902756983,2024-09-19 13:21:54.563876
40,30,5,0.3,0.3,30,20,50,41.911442781,4359.207290310944,2024-09-19 13:21:57.675532
40,20,10,0.3,0.3,30,20,50,28.918158521000002,4338.13664456779,2024-09-19 13:22:24.581628
40,5,20,0.3,0.3,30,20,50,8.462777154,4365.266444082179,2024-09-19 13:22:34.981036
40,30,10,0.3,0.3,30,20,50,41.90399867,4423.91185371803,2024-09-19 13:22:40.359862
40,10,20,0.3,0.3,30,20,50,13.880789343,4489.135030294243,2024-09-19 13:22:50.751523
40,20,20,0.3,0.3,30,20,50,28.077007516,4325.548310271792,2024-09-19 13:23:09.537372
40,5,30,0.3,0.3,30,20,50,8.021767216999999,4395.0769169868845,2024-09-19 13:23:19.465177
40,30,20,0.3,0.3,30,20,50,40.973311492,4201.396717914037,2024-09-19 13:23:32.879906
40,10,30,0.3,0.3,30,20,50,14.382088384999998,4512.684184576168,2024-09-19 13:23:35.497194
40,20,30,0.3,0.3,30,20,50,28.963596211,4691.47067287831,2024-09-19 13:24:03.116796
40,5,5,0.3,0.3,5,20,100,10.277569349,4322.472244234754,2024-09-19 13:24:15.260899
40,30,30,0.3,0.3,30,20,50,41.740984569,4049.03240837075,2024-09-19 13:24:17.924052
40,10,5,0.3,0.3,5,20,100,17.678530751,4308.853232725887,2024-09-19 13:24:34.707712
40,20,5,0.3,0.3,5,20,100,29.826619156,4745.821930537596,2024-09-19 13:24:49.072456
40,5,10,0.3,0.3,5,20,100,10.467650323,4690.629758318953,2024-09-19 13:25:01.556450
40,30,5,0.3,0.3,5,20,100,39.810173065,4436.446665319852,2024-09-19 13:25:15.673924
40,10,10,0.3,0.3,5,20,100,16.291024451000002,4507.5068284914705,2024-09-19 13:25:19.952624
40,20,10,0.3,0.3,5,20,100,28.091242578,4341.190716616966,2024-09-19 13:25:45.136308
40,5,20,0.3,0.3,5,20,100,10.506493397,4426.993864601451,2024-09-19 13:25:57.762228
40,30,10,0.3,0.3,5,20,100,43.517274158,4199.794184265767,2024-09-19 13:26:03.930969
40,10,20,0.3,0.3,5,20,100,16.453317763,4539.118106311428,2024-09-19 13:26:15.851131
40,20,20,0.3,0.3,5,20,100,30.362887338999997,4590.579541253615,2024-09-19 13:26:35.539949
40,5,30,0.3,0.3,5,20,100,10.208429168999999,4452.128672651053,2024-09-19 13:26:47.765598
40,30,20,0.3,0.3,5,20,100,39.467933787,4314.334012174636,2024-09-19 13:26:56.262367
40,10,30,0.3,0.3,5,20,100,16.151872122,4457.539947952774,2024-09-19 13:27:05.698848
40,20,30,0.3,0.3,5,20,100,30.510742879,4332.7554370832,2024-09-19 13:27:28.121737
40,5,5,0.3,0.3,10,20,100,10.484682819,4330.25963759556,2024-09-19 13:27:40.415998
40,30,30,0.3,0.3,5,20,100,42.074405403,4213.123332600099,2024-09-19 13:27:48.684433
40,10,5,0.3,0.3,10,20,100,16.223576845,4402.616526023821,2024-09-19 13:27:58.464539
40,20,5,0.3,0.3,10,20,100,30.201614309999997,4445.9422288122205,2024-09-19 13:28:20.086590
40,5,10,0.3,0.3,10,20,100,10.257938937999999,4771.520242466552,2024-09-19 13:28:32.240811
40,30,5,0.3,0.3,10,20,100,44.534956918999995,4316.581989038594,2024-09-19 13:28:43.679543
40,10,10,0.3,0.3,10,20,100,16.239358366999998,4467.489978060824,2024-09-19 13:28:50.186122
40,20,10,0.3,0.3,10,20,100,28.82653945,4152.333465692538,2024-09-19 13:29:13.720954
40,5,20,0.3,0.3,10,20,100,9.954513948,4348.786251756654,2024-09-19 13:29:25.551896
40,30,10,0.3,0.3,10,20,100,42.767137326,4171.780346169172,2024-09-19 13:29:33.605913
40,10,20,0.3,0.3,10,20,100,16.144880948,4572.9690422689355,2024-09-19 13:29:43.527797
40,20,20,0.3,0.3,10,20,100,28.110417339,4516.898264222926,2024-09-19 13:30:03.276821
40,5,30,0.3,0.3,10,20,100,9.848280636,4384.563070066597,2024-09-19 13:30:15.050581
40,30,20,0.3,0.3,10,20,100,46.132458796,4582.854055969643,2024-09-19 13:30:30.643479
40,10,30,0.3,0.3,10,20,100,15.884822394,4366.387381226741,2024-09-19 13:30:32.877994
40,20,30,0.3,0.3,10,20,100,32.103326683999995,4517.509551674965,2024-09-19 13:31:03.740416
40,5,5,0.3,0.3,20,20,100,10.8173624,4283.0606208149,2024-09-19 13:31:16.322106
40,30,30,0.3,0.3,10,20,100,44.644919659,4265.530950178947,2024-09-19 13:31:17.758757
40,10,5,0.3,0.3,20,20,100,16.542937178000003,4477.112682889163,2024-09-19 13:31:34.838234
40,20,5,0.3,0.3,20,20,100,29.06767993,4458.700532006382,2024-09-19 13:31:48.038270
40,5,10,0.3,0.3,20,20,100,10.043577528,4316.681812065295,2024-09-19 13:31:59.847023
40,30,5,0.3,0.3,20,20,100,42.65279856,4403.61087231318,2024-09-19 13:32:18.317815
40,10,10,0.3,0.3,20,20,100,17.690053925999997,4558.624547963516,2024-09-19 13:32:19.337160
40,20,10,0.3,0.3,20,20,100,31.448426755,4480.029350416571,2024-09-19 13:32:50.957370
40,5,20,0.3,0.3,20,20,100,9.687787106,4514.7561956783575,2024-09-19 13:33:02.480472
40,30,10,0.3,0.3,20,20,100,43.917305802,4256.937132399081,2024-09-19 13:33:03.820571
40,10,20,0.3,0.3,20,20,100,15.991964709000001,4368.142882390402,2024-09-19 13:33:20.556555
40,20,20,0.3,0.3,20,20,100,29.635941758999998,4264.535072177472,2024-09-19 13:33:34.555609
40,5,30,0.3,0.3,20,20,100,10.590863000999999,4569.3287151763825,2024-09-19 13:33:47.018579
40,30,20,0.3,0.3,20,20,100,43.521103038999996,4277.190630695758,2024-09-19 13:34:04.952347
40,10,30,0.3,0.3,20,20,100,17.035462947,4468.02140572078,2024-09-19 13:34:06.027928
40,20,30,0.3,0.3,20,20,100,30.396776846,4360.117453282388,2024-09-19 13:34:36.615803
40,5,5,0.3,0.3,30,20,100,10.252366617,4330.650320565053,2024-09-19 13:34:48.852940
40,30,30,0.3,0.3,20,20,100,43.242831662,4192.595464064166,2024-09-19 13:34:49.664081
40,10,5,0.3,0.3,30,20,100,16.708749292,4279.785073316243,2024-09-19 13:35:07.511711
40,20,5,0.3,0.3,30,20,100,30.260600337999996,4293.927260622151,2024-09-19 13:35:21.190768
40,5,10,0.3,0.3,30,20,100,10.421640352999999,4550.6835371755615,2024-09-19 13:35:33.360516
40,30,5,0.3,0.3,30,20,100,42.12554417,4198.544498648457,2024-09-19 13:35:50.827493
40,10,10,0.3,0.3,30,20,100,17.754844315,4761.173670328047,2024-09-19 13:35:53.113597
40,20,10,0.3,0.3,30,20,100,29.701475546999998,4654.099118894959,2024-09-19 13:36:21.860625
40,5,20,0.3,0.3,30,20,100,9.434127892,4459.826426180115,2024-09-19 13:36:33.172253
40,30,10,0.3,0.3,30,20,100,41.380580722,4271.798418601445,2024-09-19 13:36:34.923616
40,10,20,0.3,0.3,30,20,100,16.475657468,4283.234699626786,2024-09-19 13:36:51.287859
40,20,20,0.3,0.3,30,20,100,30.944459763999998,4365.4529318168825,2024-09-19 13:37:06.975347
40,5,30,0.3,0.3,30,20,100,10.220647004,4347.702932285472,2024-09-19 13:37:18.961474
40,30,20,0.3,0.3,30,20,100,43.632170018,4411.683158654294,2024-09-19 13:37:35.846971
40,10,30,0.3,0.3,30,20,100,16.839286528,4434.917515509091,2024-09-19 13:37:37.690095
40,20,30,0.3,0.3,30,20,100,30.896447061000003,4207.128410583807,2024-09-19 13:38:07.953846
40,30,30,0.3,0.3,30,20,100,42.850427812,4224.423370154529,2024-09-19 13:38:20.884261
40,5,5,0.3,0.3,5,20,150,11.934342958999999,4556.630461422541,2024-09-19 13:38:21.964125
40,10,5,0.3,0.3,5,20,150,17.324840684,4640.4748751215475,2024-09-19 13:38:40.152299
40,20,5,0.3,0.3,5,20,150,29.375962585,4240.866616310018,2024-09-19 13:38:52.441625
40,5,10,0.3,0.3,5,20,150,11.928709076999999,4528.218704709455,2024-09-19 13:39:06.696619
40,30,5,0.3,0.3,5,20,150,43.992271172,4024.0758474807203,2024-09-19 13:39:25.048041
40,10,10,0.3,0.3,5,20,150,19.019144161,4557.932718196038,2024-09-19 13:39:27.629564
40,20,10,0.3,0.3,5,20,150,32.400919626,4329.737507337311,2024-09-19 13:39:58.891318
40,30,10,0.3,0.3,5,20,150,44.732698024,4308.226519465575,2024-09-19 13:40:12.697233
40,5,20,0.3,0.3,5,20,150,12.373820591000001,4452.297107078266,2024-09-19 13:40:13.429822
40,10,20,0.3,0.3,5,20,150,18.262679338999998,4341.678443155069,2024-09-19 13:40:32.755460
40,20,20,0.3,0.3,5,20,150,27.833706889,4254.190463544078,2024-09-19 13:40:42.222106
40,5,30,0.3,0.3,5,20,150,11.99874442,4491.895377258643,2024-09-19 13:40:56.295715
40,10,30,0.3,0.3,5,20,150,19.163685358,4524.699957761176,2024-09-19 13:41:17.156845
40,30,20,0.3,0.3,5,20,150,43.388031536,4247.820678942866,2024-09-19 13:41:17.267133
40,20,30,0.3,0.3,5,20,150,31.6744201,4383.7250854141985,2024-09-19 13:41:50.002008
40,30,30,0.3,0.3,5,20,150,44.718177655,4210.089809778032,2024-09-19 13:42:02.444790
40,5,5,0.3,0.3,10,20,150,11.417836617999999,4427.956082106142,2024-09-19 13:42:03.303285
40,10,5,0.3,0.3,10,20,150,17.309166959000002,4430.355260828838,2024-09-19 13:42:21.520814
40,20,5,0.3,0.3,10,20,150,30.051534292,4514.887612829668,2024-09-19 13:42:34.325763
40,5,10,0.3,0.3,10,20,150,11.703858242999999,4543.401626232731,2024-09-19 13:42:48.128052
40,30,5,0.3,0.3,10,20,150,44.758652077,4395.089548246814,2024-09-19 13:43:07.253798
40,10,10,0.3,0.3,10,20,150,19.371856629,4466.295466323315,2024-09-19 13:43:09.394076
40,20,10,0.3,0.3,10,20,150,30.704351371999998,4309.649275244101,2024-09-19 13:43:39.347529
40,5,20,0.3,0.3,10,20,150,11.604041207,4326.999523531597,2024-09-19 13:43:52.953397
40,30,10,0.3,0.3,10,20,150,45.277522151999996,4400.79276862976,2024-09-19 13:43:55.293795
40,10,20,0.3,0.3,10,20,150,17.269620494,4443.292347181581,2024-09-19 13:44:11.763728
40,20,20,0.3,0.3,10,20,150,29.510583679,4340.282813732407,2024-09-19 13:44:25.938635
40,5,30,0.3,0.3,10,20,150,12.524431532,4324.562403229827,2024-09-19 13:44:40.694234
40,30,20,0.3,0.3,10,20,150,46.424643087,4247.79436085724,2024-09-19 13:44:59.203217
40,10,30,0.3,0.3,10,20,150,19.042184099,4539.075374417924,2024-09-19 13:45:01.565983
40,20,30,0.3,0.3,10,20,150,29.659749484,4311.756873490882,2024-09-19 13:45:30.292676
40,5,5,0.3,0.3,20,20,150,11.12109164,4529.540593358616,2024-09-19 13:45:43.466057
40,30,30,0.3,0.3,10,20,150,42.943710291,4339.37208783423,2024-09-19 13:45:44.860719
40,10,5,0.3,0.3,20,20,150,17.082122241999997,4443.91049268321,2024-09-19 13:46:02.497120
40,20,5,0.3,0.3,20,20,150,30.377026813,4500.743878423512,2024-09-19 13:46:16.310551
40,5,10,0.3,0.3,20,20,150,11.062057097,4518.398976522762,2024-09-19 13:46:29.456037
40,30,5,0.3,0.3,20,20,150,42.865257652,4202.022024071655,2024-09-19 13:46:46.502168
40,10,10,0.3,0.3,20,20,150,18.328242792,4333.796756202879,2024-09-19 13:46:49.707914
40,20,10,0.3,0.3,20,20,150,28.769709788,4497.914197366811,2024-09-19 13:47:17.300464
40,5,20,0.3,0.3,20,20,150,12.278212382,4493.65896943511,2024-09-19 13:47:31.505320
40,30,10,0.3,0.3,20,20,150,43.817682706,4236.749392331356,2024-09-19 13:47:34.004933
40,10,20,0.3,0.3,20,20,150,18.08474455,4566.410686337869,2024-09-19 13:47:51.296409
40,20,20,0.3,0.3,20,20,150,29.733778235,4214.952753912919,2024-09-19 13:48:04.784462
40,5,30,0.3,0.3,20,20,150,11.781940815999999,4201.914548000356,2024-09-19 13:48:18.601005
40,30,20,0.3,0.3,20,20,150,44.752240553,4240.866616310018,2024-09-19 13:48:37.454732
40,10,30,0.3,0.3,20,20,150,17.416050071,4615.901057710656,2024-09-19 13:48:37.818127
40,20,30,0.3,0.3,20,20,150,31.585468843,4503.088582962357,2024-09-19 13:49:10.071792
40,30,30,0.3,0.3,20,20,150,45.697218637,4037.011648078899,2024-09-19 13:49:24.006183
40,5,5,0.3,0.3,30,20,150,12.607951084,4528.396059004863,2024-09-19 13:49:24.877113
40,10,5,0.3,0.3,30,20,150,18.365539992000002,4296.003256747753,2024-09-19 13:49:44.126960
40,20,5,0.3,0.3,30,20,150,30.507378140999997,4250.996201490442,2024-09-19 13:49:56.327243
40,5,10,0.3,0.3,30,20,150,12.781893196999999,4709.449823409924,2024-09-19 13:50:11.279541
40,30,5,0.3,0.3,30,20,150,45.865227749,4295.880298485454,2024-09-19 13:50:30.992243
40,10,10,0.3,0.3,30,20,150,19.04430427,4578.714970466517,2024-09-19 13:50:32.167690
40,20,10,0.3,0.3,30,20,150,31.426877680999997,4266.975518175779,2024-09-19 13:51:03.590152
40,5,20,0.3,0.3,30,20,150,11.834659975000001,4430.185789223281,2024-09-19 13:51:17.236932
40,30,10,0.3,0.3,30,20,150,45.498151263000004,4180.297419917021,2024-09-19 13:51:18.313136
40,10,20,0.3,0.3,30,20,150,17.782294512,4398.226262816263,2024-09-19 13:51:36.965179
40,20,20,0.3,0.3,30,20,150,31.597447996,4351.724534833596,2024-09-19 13:51:51.087779
40,5,30,0.3,0.3,30,20,150,11.370303517,4584.1286077563545,2024-09-19 13:52:04.585274
40,30,20,0.3,0.3,30,20,150,45.734509233,4262.354409206384,2024-09-19 13:52:23.672545
40,10,30,0.3,0.3,30,20,150,18.12111226,4305.48732312486,2024-09-19 13:52:24.525244
40,20,30,0.3,0.3,30,20,150,32.304517329,4272.752748801229,2024-09-19 13:52:57.081167
40,30,30,0.3,0.3,30,20,150,45.149076220000005,4733.332418940892,2024-09-19 13:53:10.219782
40,5,5,0.3,0.3,5,20,200,12.921262216,4330.650320565053,2024-09-19 13:53:12.012648
40,10,5,0.3,0.3,5,20,200,18.868122987,4533.485689795549,2024-09-19 13:53:31.120258
40,20,5,0.3,0.3,5,20,200,31.916340575,4409.0632419428275,2024-09-19 13:53:45.095261
40,5,10,0.3,0.3,5,20,200,14.137678147,4316.681812065295,2024-09-19 13:54:01.382867
40,30,5,0.3,0.3,5,20,200,43.339792966999994,4238.527488395959,2024-09-19 13:54:15.757895
40,10,10,0.3,0.3,5,20,200,18.742642345,4535.568771435365,2024-09-19 13:54:22.011159
40,20,10,0.3,0.3,5,20,200,34.264021259,4514.4445769639215,2024-09-19 13:54:51.329241
40,5,20,0.3,0.3,5,20,200,13.085263501,4422.006614534269,2024-09-19 13:55:06.457508
40,30,10,0.3,0.3,5,20,200,47.238322352000004,4440.570564031192,2024-09-19 13:55:10.082691
40,10,20,0.3,0.3,5,20,200,18.980723186,4495.300932701383,2024-09-19 13:55:27.284285
40,20,20,0.3,0.3,5,20,200,32.650197296,4245.617564921339,2024-09-19 13:55:43.724948
40,5,30,0.3,0.3,5,20,200,13.510400065,4564.113568456244,2024-09-19 13:55:59.457055
40,30,20,0.3,0.3,5,20,200,45.616454336,4241.102120391304,2024-09-19 13:56:14.618161
40,10,30,0.3,0.3,5,20,200,19.265890755,4508.632037007604,2024-09-19 13:56:20.417069
40,20,30,0.3,0.3,5,20,200,33.765410751999994,4364.480594990848,2024-09-19 13:56:49.661103
40,5,5,0.3,0.3,10,20,200,13.99164309,4330.25963759556,2024-09-19 13:57:05.624285
40,30,30,0.3,0.3,5,20,200,47.559537311,4252.999176462286,2024-09-19 13:57:08.885885
40,10,5,0.3,0.3,10,20,200,19.170448808,4322.460255897726,2024-09-19 13:57:26.509472
40,20,5,0.3,0.3,10,20,200,31.102034845,4458.700532006382,2024-09-19 13:57:40.969424
40,5,10,0.3,0.3,10,20,200,13.774115893,4688.8734425184675,2024-09-19 13:57:56.726227
40,30,5,0.3,0.3,10,20,200,43.675420584,4335.513750843407,2024-09-19 13:58:11.241937
40,10,10,0.3,0.3,10,20,200,19.843145312,4529.851139538434,2024-09-19 13:58:18.358369
40,20,10,0.3,0.3,10,20,200,34.061127137999996,4436.947583280789,2024-09-19 13:58:46.767224
40,5,20,0.3,0.3,10,20,200,13.776420177,4482.176476545938,2024-09-19 13:59:02.523281
40,30,10,0.3,0.3,10,20,200,46.234457719,4221.287650540633,2024-09-19 13:59:05.393453
40,10,20,0.3,0.3,10,20,200,18.514070655999998,4243.419194245948,2024-09-19 13:59:22.893075
40,20,20,0.3,0.3,10,20,200,32.813670782,4272.654444041819,2024-09-19 13:59:39.248150
40,5,30,0.3,0.3,10,20,200,12.759905928,4732.387029811206,2024-09-19 13:59:54.081477
40,30,20,0.3,0.3,10,20,200,45.865305287999995,4228.342631230885,2024-09-19 14:00:09.816938
40,10,30,0.3,0.3,10,20,200,19.737748191,4481.207449543889,2024-09-19 14:00:15.614015
40,20,30,0.3,0.3,10,20,200,33.063439495999994,4439.119632746399,2024-09-19 14:00:44.070241
40,5,5,0.3,0.3,20,20,200,12.662506344999999,4322.472244234754,2024-09-19 14:00:58.747059
40,30,30,0.3,0.3,10,20,200,48.972428639,4403.230611721198,2024-09-19 14:01:04.992153
40,10,5,0.3,0.3,20,20,200,19.141038205,4477.112682889163,2024-09-19 14:01:19.557325
40,20,5,0.3,0.3,20,20,200,30.987471402999997,4108.04978765637,2024-09-19 14:01:37.181748
40,5,10,0.3,0.3,20,20,200,13.198635155,4545.476436853579,2024-09-19 14:01:52.359611
40,30,5,0.3,0.3,20,20,200,47.34290051,4299.186600525639,2024-09-19 14:02:08.176421
40,10,10,0.3,0.3,20,20,200,19.195186233,4458.837101643262,2024-09-19 14:02:13.448499
40,20,10,0.3,0.3,20,20,200,33.287273833,4257.869479463237,2024-09-19 14:02:42.826033
40,5,20,0.3,0.3,20,20,200,13.459418032999999,4567.633414990861,2024-09-19 14:02:58.308658
40,30,10,0.3,0.3,20,20,200,47.306740811000004,4279.962389711439,2024-09-19 14:03:01.242376
40,10,20,0.3,0.3,20,20,200,18.274077787,4254.578880991958,2024-09-19 14:03:18.300342
40,20,20,0.3,0.3,20,20,200,34.186515332999996,4261.797322800092,2024-09-19 14:03:36.673178
40,5,30,0.3,0.3,20,20,200,13.678036837,4455.989929543332,2024-09-19 14:03:52.312955
40,30,20,0.3,0.3,20,20,200,44.732950877,4187.269674645024,2024-09-19 14:04:03.803862
40,10,30,0.3,0.3,20,20,200,18.699336445,4522.287035280659,2024-09-19 14:04:12.868935
40,20,30,0.3,0.3,20,20,200,34.104699468999996,4396.501942633202,2024-09-19 14:04:38.942157
40,5,5,0.3,0.3,30,20,200,13.64491226,4330.25963759556,2024-09-19 14:04:54.676921
40,30,30,0.3,0.3,20,20,200,47.013693524999994,4211.36176104139,2024-09-19 14:05:00.848427
40,10,5,0.3,0.3,30,20,200,19.1172903,4511.355941166786,2024-09-19 14:05:15.376941
40,20,5,0.3,0.3,30,20,200,30.328378724999997,4202.405970715972,2024-09-19 14:05:32.278763
40,5,10,0.3,0.3,30,20,200,13.815348133,4759.302628743675,2024-09-19 14:05:48.059005
40,30,5,0.3,0.3,30,20,200,43.174821213,4436.711331981977,2024-09-19 14:05:59.374965
40,10,10,0.3,0.3,30,20,200,17.968598588,4331.680574973365,2024-09-19 14:06:07.787343
40,20,10,0.3,0.3,30,20,200,31.062263492,4224.334737621469,2024-09-19 14:06:31.766962
40,5,20,0.3,0.3,30,20,200,14.986733605000001,4434.592636368265,2024-09-19 14:06:48.672882
40,30,10,0.3,0.3,30,20,200,46.436941063999996,4314.474935989651,2024-09-19 14:06:54.864940
40,10,20,0.3,0.3,30,20,200,18.639320936,4295.9529707689235,2024-09-19 14:07:09.051179
40,20,20,0.3,0.3,30,20,200,34.043241896,4242.665292751441,2024-09-19 14:07:30.115296
40,5,30,0.3,0.3,30,20,200,13.255966747999999,4598.63359765095,2024-09-19 14:07:45.619318
40,30,20,0.3,0.3,30,20,200,43.88913109000001,4359.798305903212,2024-09-19 14:07:53.915026
40,10,30,0.3,0.3,30,20,200,18.717664481,4264.607473069245,2024-09-19 14:08:06.052454
40,20,30,0.3,0.3,30,20,200,35.682032802,4411.906218717133,2024-09-19 14:08:30.425616
40,30,30,0.3,0.3,30,20,200,43.313376688,4328.134910335889,2024-09-19 14:08:50.007042
50,5,5,0.3,0.3,5,20,50,14.289146048,5997.973200892536,2024-09-19 17:33:17.521122
50,10,5,0.3,0.3,5,20,50,26.792020390999998,5878.1403909339215,2024-09-19 17:38:06.300095
50,20,5,0.3,0.3,5,20,50,47.792188899,5666.731807869744,2024-09-19 17:38:55.407099
50,5,10,0.3,0.3,5,20,50,14.542180153,6019.006827940288,2024-09-19 17:39:12.023689
50,30,5,0.3,0.3,5,20,50,69.747178362,5702.543904780914,2024-09-19 17:39:22.670837
50,10,10,0.3,0.3,5,20,50,26.206446752,5978.958702621165,2024-09-19 17:39:40.174840
50,20,10,0.3,0.3,5,20,50,47.441442395,5705.212191587667,2024-09-19 17:40:11.486545
50,5,20,0.3,0.3,5,20,50,14.558809405,5963.188345060625,2024-09-19 17:40:28.032939
50,30,10,0.3,0.3,5,20,50,68.84894757199999,5636.323268031007,2024-09-19 17:40:50.045100
50,10,20,0.3,0.3,5,20,50,25.199483610999998,6023.784832309781,2024-09-19 17:40:54.884396
50,20,20,0.3,0.3,5,20,50,47.024535492,5945.1563953264695,2024-09-19 17:41:38.551096
50,5,30,0.3,0.3,5,20,50,14.736172526,5755.04468416003,2024-09-19 17:41:55.215526
50,30,20,0.3,0.3,5,20,50,67.35971578,6007.339397883976,2024-09-19 17:42:03.218069
50,10,30,0.3,0.3,5,20,50,25.717168815,5921.01288436225,2024-09-19 17:42:22.690900
50,20,30,0.3,0.3,5,20,50,50.160750898,5515.5416713097675,2024-09-19 17:42:54.541733
50,5,5,0.3,0.3,10,20,50,14.735532721,5997.973200892536,2024-09-19 17:43:11.494272
50,30,30,0.3,0.3,5,20,50,73.319019349,5705.018106227617,2024-09-19 17:43:36.778903
50,10,5,0.3,0.3,10,20,50,26.177106592,5823.2235928340115,2024-09-19 17:43:39.507687
50,20,5,0.3,0.3,10,20,50,47.783097107,5842.947431509686,2024-09-19 17:44:26.035362
50,5,10,0.3,0.3,10,20,50,14.940113889,6019.006827940288,2024-09-19 17:44:43.148954
50,30,5,0.3,0.3,10,20,50,71.34947023000001,5676.889445758174,2024-09-19 17:44:51.663650
50,10,10,0.3,0.3,10,20,50,26.271743776,6019.0046627161555,2024-09-19 17:45:11.280554
50,20,10,0.3,0.3,10,20,50,46.622517117,5688.692455096565,2024-09-19 17:45:40.225652
50,5,20,0.3,0.3,10,20,50,13.96121412,5963.188345060625,2024-09-19 17:45:56.033012
50,30,10,0.3,0.3,10,20,50,69.64286588499999,5662.428181772739,2024-09-19 17:46:22.618933
50,10,20,0.3,0.3,10,20,50,26.843605933,5992.652311760842,2024-09-19 17:46:25.001614
50,20,20,0.3,0.3,10,20,50,48.236998803999995,5968.327235657149,2024-09-19 17:47:11.928881
50,5,30,0.3,0.3,10,20,50,16.602704805000002,5755.04468416003,2024-09-19 17:47:30.472078
50,30,20,0.3,0.3,10,20,50,69.174669537,5591.647703585194,2024-09-19 17:47:34.684311
50,10,30,0.3,0.3,10,20,50,26.135091095,5763.536840014426,2024-09-19 17:47:58.376437
50,20,30,0.3,0.3,10,20,50,48.781745423000004,5608.877824571656,2024-09-19 17:48:24.635751
50,5,5,0.3,0.3,20,20,50,14.964717949,5997.973200892536,2024-09-19 17:48:41.659602
50,10,5,0.3,0.3,20,20,50,24.289844349000003,5890.410677775011,2024-09-19 17:49:07.711077
50,30,30,0.3,0.3,10,20,50,68.57368590899999,5727.452986857291,2024-09-19 17:49:07.805351
50,20,5,0.3,0.3,20,20,50,45.617290309,5688.75710796905,2024-09-19 17:49:54.352029
50,5,10,0.3,0.3,20,20,50,14.435037289,6030.333076180367,2024-09-19 17:50:10.823810
50,30,5,0.3,0.3,20,20,50,66.53442669900001,5830.464465575607,2024-09-19 17:50:15.076232
50,10,10,0.3,0.3,20,20,50,24.824487866,5988.570930185664,2024-09-19 17:50:37.355236
50,20,10,0.3,0.3,20,20,50,47.699184102,5948.551732245676,2024-09-19 17:51:03.878512
50,5,20,0.3,0.3,20,20,50,14.704406023,5963.188345060625,2024-09-19 17:51:20.489965
50,30,10,0.3,0.3,20,20,50,68.727284254,5614.695767853562,2024-09-19 17:51:47.050966
50,10,20,0.3,0.3,20,20,50,26.50875773,5977.5774737652655,2024-09-19 17:51:48.910630
50,20,20,0.3,0.3,20,20,50,48.047534061,5932.29254475321,2024-09-19 17:52:36.322692
50,5,30,0.3,0.3,20,20,50,15.142867826,5755.04468416003,2024-09-19 17:52:53.312939
50,30,20,0.3,0.3,20,20,50,67.60558109399999,5894.818953267949,2024-09-19 17:52:57.014313
50,10,30,0.3,0.3,20,20,50,27.107444866,5611.095252463348,2024-09-19 17:53:22.095258
50,20,30,0.3,0.3,20,20,50,49.00677384,5636.919093134693,2024-09-19 17:53:47.012545
50,5,5,0.3,0.3,30,20,50,14.365372708,5997.973200892536,2024-09-19 17:54:03.505230
50,30,30,0.3,0.3,20,20,50,65.3278514,5752.709687785953,2024-09-19 17:54:28.240407
50,10,5,0.3,0.3,30,20,50,26.554769869,5823.2235928340115,2024-09-19 17:54:31.809953
50,20,5,0.3,0.3,30,20,50,49.614323696,5349.975435734476,2024-09-19 17:55:18.945002
50,5,10,0.3,0.3,30,20,50,14.542467785999998,6019.006827940288,2024-09-19 17:55:35.498994
50,30,5,0.3,0.3,30,20,50,67.87980658400001,5824.399357991113,2024-09-19 17:55:40.416862
50,10,10,0.3,0.3,30,20,50,26.033928775,6021.296370146793,2024-09-19 17:56:03.390465
50,20,10,0.3,0.3,30,20,50,48.683919948,5915.952115642956,2024-09-19 17:56:30.381498
50,5,20,0.3,0.3,30,20,50,14.750372848000001,5963.188345060625,2024-09-19 17:56:47.209958
50,30,10,0.3,0.3,30,20,50,69.752313343,5531.0108682013915,2024-09-19 17:57:14.299309
50,10,20,0.3,0.3,30,20,50,25.478742549,6010.8284925968965,2024-09-19 17:57:14.445909
50,20,20,0.3,0.3,30,20,50,49.308263434000004,5953.801104197703,2024-09-19 17:58:04.661227
50,5,30,0.3,0.3,30,20,50,14.813099196,5755.04468416003,2024-09-19 17:58:21.375167
50,30,20,0.3,0.3,30,20,50,69.831599721,5897.719252201462,2024-09-19 17:58:25.116189
50,10,30,0.3,0.3,30,20,50,25.421491262,5853.65606947579,2024-09-19 17:58:48.298575
50,20,30,0.3,0.3,30,20,50,47.821570580999996,5620.988342175108,2024-09-19 17:59:13.876131
50,5,5,0.3,0.3,5,20,100,17.820552334,6013.4107665168885,2024-09-19 17:59:33.598770
50,30,30,0.3,0.3,30,20,50,68.15563099100001,5610.69235208366,2024-09-19 17:59:57.383655
50,10,5,0.3,0.3,5,20,100,26.819550971,5821.170952145432,2024-09-19 18:00:02.354543
50,20,5,0.3,0.3,5,20,100,50.728086276000006,5559.954992542974,2024-09-19 18:00:48.996159
50,5,10,0.3,0.3,5,20,100,17.090745048,5832.878015195754,2024-09-19 18:01:08.333420
50,30,5,0.3,0.3,5,20,100,68.270491313,5645.858756652987,2024-09-19 18:01:11.233478
50,10,10,0.3,0.3,5,20,100,26.068636885000004,5745.539779357116,2024-09-19 18:01:36.396481
50,20,10,0.3,0.3,5,20,100,49.029147173000005,5707.240209527449,2024-09-19 18:02:01.261067
50,5,20,0.3,0.3,5,20,100,17.135969567,5869.296871094422,2024-09-19 18:02:20.417121
50,30,10,0.3,0.3,5,20,100,69.11934336799999,5920.64165457692,2024-09-19 18:02:46.731876
50,10,20,0.3,0.3,5,20,100,27.457689424999998,5949.140475321583,2024-09-19 18:02:49.986819
50,20,20,0.3,0.3,5,20,100,46.261893895,5787.825272291634,2024-09-19 18:03:34.160737
50,5,30,0.3,0.3,5,20,100,18.671492119,5675.428006286335,2024-09-19 18:03:54.900779
50,30,20,0.3,0.3,5,20,100,69.240788002,5700.590595998345,2024-09-19 18:03:59.825112
50,10,30,0.3,0.3,5,20,100,28.115713412999998,5645.131095379134,2024-09-19 18:04:24.370922
50,20,30,0.3,0.3,5,20,100,51.069021085,5655.594294481787,2024-09-19 18:04:51.826788
50,5,5,0.3,0.3,10,20,100,17.709821003000002,6013.4107665168885,2024-09-19 18:05:11.421315
50,30,30,0.3,0.3,5,20,100,71.101629205,5668.306986889746,2024-09-19 18:05:36.193932
50,10,5,0.3,0.3,10,20,100,27.164668819,5855.859256431273,2024-09-19 18:05:40.348047
50,20,5,0.3,0.3,10,20,100,47.757993311999996,5473.462594595408,2024-09-19 18:06:25.067204
50,5,10,0.3,0.3,10,20,100,17.335533458,5832.878015195754,2024-09-19 18:06:44.460405
50,30,5,0.3,0.3,10,20,100,70.207271726,5918.244392266894,2024-09-19 18:06:51.038150
50,10,10,0.3,0.3,10,20,100,28.702298934999998,5821.898609194929,2024-09-19 18:07:14.886892
50,20,10,0.3,0.3,10,20,100,47.887590232,5838.0865326806925,2024-09-19 18:07:40.035523
50,5,20,0.3,0.3,10,20,100,16.939664588,5869.296871094422,2024-09-19 18:07:59.116117
50,30,10,0.3,0.3,10,20,100,69.908107783,5810.805707566964,2024-09-19 18:08:25.655108
50,10,20,0.3,0.3,10,20,100,28.049035849,6006.832931098394,2024-09-19 18:08:29.052600
50,20,20,0.3,0.3,10,20,100,47.494695356,5997.625074813652,2024-09-19 18:09:14.339893
50,5,30,0.3,0.3,10,20,100,18.277364933,5675.428006286335,2024-09-19 18:09:34.560732
50,30,20,0.3,0.3,10,20,100,68.241327849,5698.9760293057325,2024-09-19 18:09:38.186585
50,10,30,0.3,0.3,10,20,100,30.400666921,5666.759176323148,2024-09-19 18:10:06.430921
50,20,30,0.3,0.3,10,20,100,51.208631409999995,5674.469618498636,2024-09-19 18:10:30.234449
50,5,5,0.3,0.3,20,20,100,18.922828668999998,6013.4107665168885,2024-09-19 18:10:51.281852
50,30,30,0.3,0.3,10,20,100,71.603734937,5721.318923796225,2024-09-19 18:11:18.889364
50,10,5,0.3,0.3,20,20,100,28.549028762000003,5846.782056487618,2024-09-19 18:11:21.840459
60,5,5,0.3,0.3,5,20,50,20.509764031,6039.464076481753,2024-09-19 21:08:35.737541
60,10,5,0.3,0.3,5,20,50,36.570686882,6127.772941232382,2024-09-19 21:16:07.857920
60,20,5,0.3,0.3,5,20,50,69.69658644900001,5994.828305595533,2024-09-19 21:16:58.440279
60,5,10,0.3,0.3,5,20,50,19.639097919,5786.839220564458,2024-09-19 21:17:19.726296
60,30,5,0.3,0.3,5,20,50,99.857618628,5704.518816972706,2024-09-19 21:17:47.234849
60,10,10,0.3,0.3,5,20,50,36.010698573,5572.460882029757,2024-09-19 21:17:57.123352
60,20,10,0.3,0.3,5,20,50,70.677520558,5831.984089255166,2024-09-19 21:18:57.957897
60,5,20,0.3,0.3,5,20,50,20.337805914,6160.459555905662,2024-09-19 21:19:19.995475
60,30,10,0.3,0.3,5,20,50,105.822088814,6113.429038612114,2024-09-19 21:19:42.334589
60,10,20,0.3,0.3,5,20,50,34.665325751000005,6017.811994831329,2024-09-19 21:19:56.063403
60,20,20,0.3,0.3,5,20,50,67.70784739,6120.345781476801,2024-09-19 21:20:50.432591
60,5,30,0.3,0.3,5,20,50,20.072590808999998,6148.635292689378,2024-09-19 21:21:12.225498
60,30,20,0.3,0.3,5,20,50,101.957657632,6080.152529630568,2024-09-19 21:21:37.928282
60,10,30,0.3,0.3,5,20,50,34.081237897,6090.2550066608055,2024-09-19 21:21:47.486104
60,20,30,0.3,0.3,5,20,50,69.16787742999999,5891.734116055219,2024-09-19 21:22:47.189111
60,5,5,0.3,0.3,10,20,50,20.453847724,6103.535518630999,2024-09-19 21:23:09.387632
60,30,30,0.3,0.3,5,20,50,102.947600548,6012.939906749354,2024-09-19 21:23:29.786862
60,10,5,0.3,0.3,10,20,50,36.31984772,6021.810251739289,2024-09-19 21:23:47.030290
60,20,5,0.3,0.3,10,20,50,67.208860867,5834.9093077150665,2024-09-19 21:24:37.466906
60,5,10,0.3,0.3,10,20,50,19.897577459,5786.839220564458,2024-09-19 21:24:59.110343
60,30,5,0.3,0.3,10,20,50,100.945253478,5907.157418225868,2024-09-19 21:25:27.567622
60,10,10,0.3,0.3,10,20,50,36.405168049000004,5937.567468717865,2024-09-19 21:25:36.837935
60,20,10,0.3,0.3,10,20,50,69.23291471600001,5763.069744484158,2024-09-19 21:26:36.843672
60,5,20,0.3,0.3,10,20,50,19.408496930000002,6160.459555905662,2024-09-19 21:26:58.131620
60,30,10,0.3,0.3,10,20,50,100.46265877900001,5969.024174945327,2024-09-19 21:27:16.584773
60,10,20,0.3,0.3,10,20,50,35.661140844,6058.49700707954,2024-09-19 21:27:35.094241
60,20,20,0.3,0.3,10,20,50,67.81056399399999,5805.558008712207,2024-09-19 21:28:24.827577
60,5,30,0.3,0.3,10,20,50,20.513248411,6133.80602909447,2024-09-19 21:28:47.036394
60,30,20,0.3,0.3,10,20,50,102.512076984,5893.13339862897,2024-09-19 21:29:16.886978
60,10,30,0.3,0.3,10,20,50,33.590011153,6079.801065493153,2024-09-19 21:29:22.091769
60,20,30,0.3,0.3,10,20,50,67.917337863,6046.13247668968,2024-09-19 21:30:24.961300
60,5,5,0.3,0.3,20,20,50,20.654618947,6110.465508992391,2024-09-19 21:30:47.253911
60,30,30,0.3,0.3,10,20,50,100.15171159100001,5781.313854896742,2024-09-19 21:31:02.472203
60,10,5,0.3,0.3,20,20,50,35.408420262,5938.139657332239,2024-09-19 21:31:23.993999
60,20,5,0.3,0.3,20,20,50,69.468134628,5714.8616024355815,2024-09-19 21:32:13.017167
60,5,10,0.3,0.3,20,20,50,19.777248497,5786.839220564458,2024-09-19 21:32:34.580287
60,30,5,0.3,0.3,20,20,50,102.600305343,5880.48143628526,2024-09-19 21:33:06.037357
60,10,10,0.3,0.3,20,20,50,35.844517769,5936.530726586073,2024-09-19 21:33:11.544109
